category_genre,categoryId,category_name
大カテゴリ,30,人気メニュー
大カテゴリ,31,定番の肉料理
大カテゴリ,32,定番の魚料理
大カテゴリ,33,卵料理
大カテゴリ,14,ご飯もの
大カテゴリ,15,パスタ
大カテゴリ,16,麺・粉物料理
大カテゴリ,17,汁物・スープ
大カテゴリ,23,鍋料理
大カテゴリ,18,サラダ
大カテゴリ,22,パン
大カテゴリ,21,お菓子
大カテゴリ,10,肉
大カテゴリ,11,魚
大カテゴリ,12,野菜
大カテゴリ,34,果物
大カテゴリ,19,ソース・調味料・ドレッシング
大カテゴリ,27,飲みもの
大カテゴリ,35,大豆・豆腐
大カテゴリ,13,その他の食材
大カテゴリ,20,お弁当
大カテゴリ,36,簡単料理・時短
大カテゴリ,37,節約料理
大カテゴリ,38,今日の献立
大カテゴリ,39,健康料理
大カテゴリ,40,調理器具
大カテゴリ,26,その他の目的・シーン
大カテゴリ,41,中華料理
大カテゴリ,42,韓国料理
大カテゴリ,43,イタリア料理
大カテゴリ,44,フランス料理
大カテゴリ,25,西洋料理
大カテゴリ,46,エスニック料理・中南米
大カテゴリ,47,沖縄料理
大カテゴリ,48,日本各地の郷土料理
大カテゴリ,24,行事・イベント
大カテゴリ,49,おせち料理
大カテゴリ,50,クリスマス
大カテゴリ,51,ひな祭り
大カテゴリ,52,春（3月～5月）
大カテゴリ,53,夏（6月～8月）
大カテゴリ,54,秋（9月～11月）
大カテゴリ,55,冬（12月～2月）
中カテゴリ,10-275,牛肉
中カテゴリ,10-276,豚肉
中カテゴリ,10-277,鶏肉
中カテゴリ,10-278,ひき肉
中カテゴリ,10-68,ベーコン
中カテゴリ,10-66,ソーセージ・ウインナー
中カテゴリ,10-67,ハム
中カテゴリ,10-69,その他のお肉
中カテゴリ,11-70,サーモン・鮭
中カテゴリ,11-71,いわし
中カテゴリ,11-72,さば
中カテゴリ,11-73,あじ
中カテゴリ,11-74,ぶり
中カテゴリ,11-75,さんま
中カテゴリ,11-76,鯛
中カテゴリ,11-77,マグロ
中カテゴリ,11-443,たら
中カテゴリ,11-78,その他のさかな
中カテゴリ,11-80,いか
中カテゴリ,11-81,たこ
中カテゴリ,11-79,エビ
中カテゴリ,11-83,かに
中カテゴリ,11-444,牡蠣
中カテゴリ,11-82,貝類
中カテゴリ,11-445,明太子・魚卵
中カテゴリ,11-446,その他の魚介
中カテゴリ,12-447,なす
中カテゴリ,12-448,かぼちゃ
中カテゴリ,12-449,大根
中カテゴリ,12-450,きゅうり
中カテゴリ,12-97,じゃがいも
中カテゴリ,12-452,さつまいも
中カテゴリ,12-98,キャベツ
中カテゴリ,12-453,白菜
中カテゴリ,12-454,トマト
中カテゴリ,12-99,もやし
中カテゴリ,12-456,小松菜
中カテゴリ,12-457,ほうれん草
中カテゴリ,12-455,ごぼう
中カテゴリ,12-451,アボカド
中カテゴリ,12-96,玉ねぎ
中カテゴリ,12-458,ブロッコリー
中カテゴリ,12-95,にんじん
中カテゴリ,12-100,春野菜
中カテゴリ,12-101,夏野菜
中カテゴリ,12-102,秋野菜
中カテゴリ,12-103,冬野菜
中カテゴリ,12-105,きのこ
中カテゴリ,12-107,香味野菜・ハーブ
中カテゴリ,12-104,その他の野菜
中カテゴリ,13-478,もち米
中カテゴリ,13-706,もち麦
中カテゴリ,13-479,マカロニ・ペンネ
中カテゴリ,13-480,ホットケーキミックス
中カテゴリ,13-481,粉類
中カテゴリ,13-108,練物
中カテゴリ,13-109,加工食品
中カテゴリ,13-482,チーズ
中カテゴリ,13-483,ヨーグルト
中カテゴリ,13-111,こんにゃく
中カテゴリ,13-112,しらたき
中カテゴリ,13-113,海藻
中カテゴリ,13-114,乾物
中カテゴリ,13-484,漬物
中カテゴリ,13-115,その他の食材
中カテゴリ,14-121,オムライス
中カテゴリ,14-131,チャーハン
中カテゴリ,14-126,パエリア
中カテゴリ,14-124,タコライス
中カテゴリ,14-122,チキンライス
中カテゴリ,14-123,ハヤシライス
中カテゴリ,14-125,ロコモコ
中カテゴリ,14-127,ピラフ
中カテゴリ,14-368,ハッシュドビーフ
中カテゴリ,14-128,その他○○ライス
中カテゴリ,14-129,寿司
中カテゴリ,14-130,丼物
中カテゴリ,14-132,炊き込みご飯
中カテゴリ,14-133,おかゆ・雑炊類
中カテゴリ,14-134,おにぎり
中カテゴリ,14-135,アレンジごはん
中カテゴリ,14-271,その他のごはん料理
中カテゴリ,15-687,カルボナーラ
中カテゴリ,15-137,ミートソース
中カテゴリ,15-676,ナポリタン
中カテゴリ,15-681,ペペロンチーノ
中カテゴリ,15-369,ジェノベーゼ
中カテゴリ,15-677,ペスカトーレ
中カテゴリ,15-683,たらこパスタ・明太子パスタ
中カテゴリ,15-682,ボンゴレ
中カテゴリ,15-678,アラビアータ
中カテゴリ,15-679,トマトクリームパスタ
中カテゴリ,15-684,納豆パスタ
中カテゴリ,15-680,トマト系パスタ
中カテゴリ,15-138,クリーム系パスタ
中カテゴリ,15-139,オイル・塩系パスタ
中カテゴリ,15-140,チーズ系パスタ
中カテゴリ,15-141,バジルソース系パスタ
中カテゴリ,15-142,和風パスタ
中カテゴリ,15-685,きのこパスタ
中カテゴリ,15-686,ツナパスタ
中カテゴリ,15-143,冷製パスタ
中カテゴリ,15-145,スープスパ・スープパスタ
中カテゴリ,15-146,その他のパスタ
中カテゴリ,15-144,パスタソース
中カテゴリ,15-147,ニョッキ
中カテゴリ,15-151,ラザニア
中カテゴリ,15-382,ラビオリ
中カテゴリ,16-152,うどん
中カテゴリ,16-153,蕎麦
中カテゴリ,16-154,そうめん
中カテゴリ,16-155,焼きそば
中カテゴリ,16-156,ラーメン
中カテゴリ,16-383,冷やし中華
中カテゴリ,16-384,つけ麺
中カテゴリ,16-272,その他の麺
中カテゴリ,16-385,お好み焼き
中カテゴリ,16-386,たこ焼き
中カテゴリ,16-158,粉物料理
中カテゴリ,17-159,味噌汁
中カテゴリ,17-161,豚汁
中カテゴリ,17-387,けんちん汁
中カテゴリ,17-160,お吸い物
中カテゴリ,17-388,かぼちゃスープ
中カテゴリ,17-169,野菜スープ
中カテゴリ,17-389,チャウダー・クラムチャウダー
中カテゴリ,17-171,コーンスープ・ポタージュ
中カテゴリ,17-168,トマトスープ
中カテゴリ,17-167,コンソメスープ
中カテゴリ,17-170,クリームスープ
中カテゴリ,17-164,中華スープ
中カテゴリ,17-165,和風スープ
中カテゴリ,17-166,韓国風スープ
中カテゴリ,17-173,その他のスープ
中カテゴリ,17-390,ポトフ
中カテゴリ,17-162,その他の汁物
中カテゴリ,18-415,ポテトサラダ
中カテゴリ,18-424,タラモサラダ
中カテゴリ,18-421,マカロニサラダ
中カテゴリ,18-189,スパゲティサラダ
中カテゴリ,18-187,シーザーサラダ
中カテゴリ,18-417,大根サラダ
中カテゴリ,18-416,春雨サラダ
中カテゴリ,18-418,コールスロー
中カテゴリ,18-722,キャロットラペ
中カテゴリ,18-419,かぼちゃサラダ
中カテゴリ,18-420,ごぼうサラダ
中カテゴリ,18-423,コブサラダ
中カテゴリ,18-190,ホットサラダ・温野菜
中カテゴリ,18-703,ジャーサラダ
中カテゴリ,18-184,素材で選ぶサラダ
中カテゴリ,18-188,味付けで選ぶサラダ
中カテゴリ,18-185,マヨネーズを使ったサラダ
中カテゴリ,18-186,ナンプラーを使ったサラダ
中カテゴリ,18-191,その他のサラダ
中カテゴリ,19-192,ソース
中カテゴリ,19-193,タレ
中カテゴリ,19-194,つゆ
中カテゴリ,19-195,だし
中カテゴリ,19-196,ドレッシング
中カテゴリ,19-675,発酵食品・発酵調味料
中カテゴリ,19-274,スパイス＆ハーブ
中カテゴリ,19-463,柚子胡椒
中カテゴリ,19-464,オリーブオイル
中カテゴリ,19-700,ココナッツオイル
中カテゴリ,19-710,ごま油
中カテゴリ,19-711,エスニック・中華調味料
中カテゴリ,19-273,その他調味料
中カテゴリ,20-485,キャラ弁
中カテゴリ,20-197,お弁当のおかず
中カテゴリ,20-486,運動会のお弁当
中カテゴリ,20-487,お花見のお弁当
中カテゴリ,20-488,遠足・ピクニックのお弁当
中カテゴリ,20-198,色別おかず
中カテゴリ,20-199,作り置き・冷凍できるおかず
中カテゴリ,20-200,すきまおかず
中カテゴリ,20-201,使い回しおかず
中カテゴリ,20-202,子供のお弁当
中カテゴリ,20-203,大人のお弁当
中カテゴリ,20-258,部活のお弁当
中カテゴリ,21-204,クッキー
中カテゴリ,21-440,スイートポテト
中カテゴリ,21-205,チーズケーキ
中カテゴリ,21-438,シフォンケーキ
中カテゴリ,21-439,パウンドケーキ
中カテゴリ,21-206,ケーキ
中カテゴリ,21-215,ホットケーキ・パンケーキ
中カテゴリ,21-207,タルト・パイ
中カテゴリ,21-208,チョコレート
中カテゴリ,21-209,スコーン・マフィン
中カテゴリ,21-210,焼き菓子
中カテゴリ,21-211,プリン
中カテゴリ,21-216,ドーナツ
中カテゴリ,21-212,シュークリーム・エクレア
中カテゴリ,21-441,ゼリー・寒天・ムース
中カテゴリ,21-442,アイス・シャーベット
中カテゴリ,21-214,和菓子
中カテゴリ,21-217,その他のお菓子
中カテゴリ,21-218,クリーム・ジャム
中カテゴリ,22-432,サンドイッチ
中カテゴリ,22-433,フレンチトースト
中カテゴリ,22-434,食パン
中カテゴリ,22-435,蒸しパン
中カテゴリ,22-436,ホットサンド
中カテゴリ,22-229,惣菜パン
中カテゴリ,22-221,菓子パン
中カテゴリ,22-220,プレーンなパン
中カテゴリ,22-222,クロワッサン・デニッシュ
中カテゴリ,22-219,ハードブレッド
中カテゴリ,22-223,天然酵母パン
中カテゴリ,22-227,世界各国のパン
中カテゴリ,22-231,ヘルシーなパン
中カテゴリ,22-437,キャラパン
中カテゴリ,22-230,その他のパン
中カテゴリ,23-392,すき焼き
中カテゴリ,23-394,しゃぶしゃぶ
中カテゴリ,23-391,おでん
中カテゴリ,23-399,寄せ鍋
中カテゴリ,23-395,キムチ鍋
中カテゴリ,23-401,トマト鍋
中カテゴリ,23-404,カレー鍋
中カテゴリ,23-397,豆乳鍋
中カテゴリ,23-393,もつ鍋
中カテゴリ,23-403,石狩鍋
中カテゴリ,23-400,水炊き
中カテゴリ,23-396,湯豆腐
中カテゴリ,23-405,きりたんぽ鍋
中カテゴリ,23-407,雪見鍋（みぞれ鍋）
中カテゴリ,23-412,火鍋
中カテゴリ,23-406,韓国鍋・キムチチゲ鍋
中カテゴリ,23-398,ちゃんこ鍋
中カテゴリ,23-413,牡蠣鍋
中カテゴリ,23-411,カニ鍋
中カテゴリ,23-409,ねぎま鍋
中カテゴリ,23-410,鴨鍋
中カテゴリ,23-402,あんこう鍋
中カテゴリ,23-698,白味噌鍋
中カテゴリ,23-723,ミルフィーユ鍋
中カテゴリ,23-408,蒸し鍋
中カテゴリ,23-234,その他の鍋
中カテゴリ,24-631,お食い初め料理
中カテゴリ,24-632,誕生日の料理
中カテゴリ,24-633,結婚記念日
中カテゴリ,24-634,パーティー料理・ホームパーティ
中カテゴリ,24-635,子どものパーティ
中カテゴリ,24-238,バーベキュー
中カテゴリ,24-244,その他イベント
中カテゴリ,25-256,スペイン料理
中カテゴリ,25-701,イギリス料理
中カテゴリ,25-248,ロシア料理
中カテゴリ,25-255,ドイツ料理
中カテゴリ,25-257,トルコ料理・中東料理
中カテゴリ,26-262,おもてなし料理
中カテゴリ,26-260,おつまみ
中カテゴリ,26-261,限られた食材・調理器具で工夫
中カテゴリ,26-265,料理のちょいテク・裏技
中カテゴリ,27-266,コーヒー
中カテゴリ,27-267,お茶
中カテゴリ,27-268,ソフトドリンク
中カテゴリ,27-465,ジュース・スムージー
中カテゴリ,27-269,お酒
中カテゴリ,30-300,ハンバーグ
中カテゴリ,30-301,餃子
中カテゴリ,30-302,肉じゃが
中カテゴリ,30-307,カレー
中カテゴリ,30-303,牛丼
中カテゴリ,30-304,親子丼
中カテゴリ,30-305,豚の生姜焼き
中カテゴリ,30-306,グラタン
中カテゴリ,30-309,唐揚げ
中カテゴリ,30-310,コロッケ
中カテゴリ,30-308,シチュー
中カテゴリ,30-311,煮物
中カテゴリ,30-312,炒め物
中カテゴリ,30-313,天ぷら
中カテゴリ,30-314,揚げ物
中カテゴリ,30-315,豆腐料理
中カテゴリ,30-316,和え物
中カテゴリ,30-317,酢の物
中カテゴリ,30-717,じゃがいも料理
中カテゴリ,31-318,ローストビーフ
中カテゴリ,31-319,豚の角煮
中カテゴリ,31-320,チキン南蛮
中カテゴリ,31-321,ピーマンの肉詰め
中カテゴリ,31-323,ロールキャベツ
中カテゴリ,31-324,スペアリブ
中カテゴリ,31-325,ローストチキン
中カテゴリ,31-326,もつ煮込み
中カテゴリ,31-327,ミートボール・肉団子
中カテゴリ,31-328,ミートローフ
中カテゴリ,31-329,牛すじ煮込み
中カテゴリ,31-330,とんかつ
中カテゴリ,31-331,ポークソテー
中カテゴリ,31-332,つくね
中カテゴリ,31-333,チャーシュー（焼き豚）
中カテゴリ,31-334,煮豚
中カテゴリ,31-322,ステーキ
中カテゴリ,31-335,鶏肉料理
中カテゴリ,31-718,トンテキ
中カテゴリ,31-719,肉巻き
中カテゴリ,31-720,ローストポーク
中カテゴリ,32-336,ぶり大根
中カテゴリ,32-337,ぶりの照り焼き
中カテゴリ,32-338,さばの味噌煮
中カテゴリ,32-339,煮魚
中カテゴリ,32-340,あさりの酒蒸し
中カテゴリ,32-341,鮭のムニエル
中カテゴリ,32-342,南蛮漬け
中カテゴリ,32-343,焼き魚
中カテゴリ,32-344,鮭のホイル焼き
中カテゴリ,32-345,いわしのつみれ
中カテゴリ,32-346,かつおのたたき
中カテゴリ,32-347,いわしの梅煮
中カテゴリ,32-348,かぶら蒸し
中カテゴリ,32-349,その他の魚料理
中カテゴリ,33-350,ゆで卵
中カテゴリ,33-351,温泉卵
中カテゴリ,33-352,半熟卵
中カテゴリ,33-353,だし巻き卵・卵焼き
中カテゴリ,33-354,茶碗蒸し
中カテゴリ,33-355,キッシュ
中カテゴリ,33-356,オムレツ
中カテゴリ,33-357,かに玉
中カテゴリ,33-358,スクランブルエッグ
中カテゴリ,33-359,煮卵
中カテゴリ,33-360,目玉焼き
中カテゴリ,33-361,ニラ玉
中カテゴリ,33-362,ポーチドエッグ
中カテゴリ,33-363,スコッチエッグ
中カテゴリ,33-364,卵とじ
中カテゴリ,33-365,薄焼き卵
中カテゴリ,33-366,炒り卵
中カテゴリ,33-367,その他の卵料理
中カテゴリ,33-721,味付け卵
中カテゴリ,34-688,りんご
中カテゴリ,34-459,ゆず
中カテゴリ,34-460,柿
中カテゴリ,34-461,レモン
中カテゴリ,34-697,バナナ
中カテゴリ,34-462,ブルーベリー
中カテゴリ,34-690,グレープフルーツ
中カテゴリ,34-691,キウイ
中カテゴリ,34-702,オレンジ
中カテゴリ,34-692,春の果物
中カテゴリ,34-693,夏の果物
中カテゴリ,34-689,秋の果物
中カテゴリ,34-695,冬の果物
中カテゴリ,34-696,その他の果物
中カテゴリ,35-466,おから
中カテゴリ,35-467,厚揚げ
中カテゴリ,35-468,納豆
中カテゴリ,35-469,高野豆腐
中カテゴリ,35-470,豆乳
中カテゴリ,35-471,木綿豆腐
中カテゴリ,35-472,絹ごし豆腐
中カテゴリ,35-473,油揚げ
中カテゴリ,35-474,大豆ミート
中カテゴリ,35-475,塩豆腐
中カテゴリ,35-476,その他の大豆・豆腐
中カテゴリ,35-477,豆類
中カテゴリ,36-489,簡単お菓子
中カテゴリ,36-490,簡単夕食
中カテゴリ,36-491,簡単おつまみ
中カテゴリ,36-492,簡単おもてなし料理
中カテゴリ,36-493,簡単鶏肉料理
中カテゴリ,36-494,簡単豚肉料理
中カテゴリ,36-495,簡単魚料理
中カテゴリ,36-496,5分以内の簡単料理
中カテゴリ,36-497,男の簡単料理
中カテゴリ,36-708,無限
中カテゴリ,37-498,100円以下の節約料理
中カテゴリ,37-499,300円前後の節約料理
中カテゴリ,37-500,500円前後の節約料理
中カテゴリ,38-501,朝食の献立（朝ごはん）
中カテゴリ,38-502,昼食の献立（昼ごはん）
中カテゴリ,38-503,夕食の献立（晩御飯）
中カテゴリ,39-504,低カロリー・ダイエット
中カテゴリ,39-505,ヘルシー料理
中カテゴリ,39-705,血圧が高めの方
中カテゴリ,39-699,糖質制限・低糖質
中カテゴリ,39-506,マクロビオティック
中カテゴリ,39-507,ベジタリアン
中カテゴリ,39-508,お疲れ気味の方
中カテゴリ,39-509,妊娠中の食事
中カテゴリ,39-510,離乳食
中カテゴリ,39-511,幼児食
中カテゴリ,39-709,薬膳料理
中カテゴリ,39-724,胃に優しい・消化に良い料理
中カテゴリ,40-512,圧力鍋
中カテゴリ,40-513,ホームベーカリー
中カテゴリ,40-514,シリコンスチーマー
中カテゴリ,40-707,キッチンバサミ
中カテゴリ,40-515,タジン鍋
中カテゴリ,40-516,炊飯器
中カテゴリ,40-704,メイソンジャー
中カテゴリ,40-517,スープジャー
中カテゴリ,40-518,ホットプレート
中カテゴリ,40-519,電子レンジ
中カテゴリ,40-520,無水鍋
中カテゴリ,40-521,ホーロー鍋
中カテゴリ,40-522,ミキサー
中カテゴリ,40-523,中華鍋
中カテゴリ,40-524,フライパン一つでできる
中カテゴリ,40-525,メーカー・ブランド
中カテゴリ,40-526,その他の調理器具
中カテゴリ,40-712,スキレット
中カテゴリ,41-531,酢豚
中カテゴリ,41-532,チンジャオロース
中カテゴリ,41-533,八宝菜
中カテゴリ,41-534,マーボー豆腐（麻婆豆腐）
中カテゴリ,41-535,エビチリ
中カテゴリ,41-536,エビマヨ
中カテゴリ,41-537,ホイコーロー（回鍋肉）
中カテゴリ,41-539,バンバンジー
中カテゴリ,41-542,油淋鶏
中カテゴリ,41-713,よだれ鶏
中カテゴリ,41-543,ビーフン
中カテゴリ,41-538,ジャージャー麺
中カテゴリ,41-541,坦々麺
中カテゴリ,41-546,春巻き
中カテゴリ,41-547,肉まん
中カテゴリ,41-548,焼売（シュウマイ）
中カテゴリ,41-540,杏仁豆腐
中カテゴリ,41-544,ちまき（中華ちまき）
中カテゴリ,41-545,サンラータン（酸辣湯）
中カテゴリ,41-549,その他の中華料理
中カテゴリ,42-550,チャプチェ
中カテゴリ,42-551,チヂミ
中カテゴリ,42-552,ビビンバ
中カテゴリ,42-553,ナムル
中カテゴリ,42-554,キムチ
中カテゴリ,42-555,プルコギ
中カテゴリ,42-565,スンドゥブ
中カテゴリ,42-556,チョレギサラダ
中カテゴリ,42-557,冷麺
中カテゴリ,42-558,サムゲタン
中カテゴリ,42-559,サムギョプサル
中カテゴリ,42-560,クッパ
中カテゴリ,42-561,タッカルビ
中カテゴリ,42-714,チーズタッカルビ
中カテゴリ,42-562,カムジャタン
中カテゴリ,42-563,トッポギ
中カテゴリ,42-564,ケジャン
中カテゴリ,42-566,テンジャンチゲ
中カテゴリ,42-567,その他のチゲ
中カテゴリ,42-568,その他の韓国料理
中カテゴリ,43-569,ピザ
中カテゴリ,43-570,ミネストローネ
中カテゴリ,43-578,リゾット
中カテゴリ,43-571,バーニャカウダ
中カテゴリ,43-577,カルパッチョ
中カテゴリ,43-572,アクアパッツァ
中カテゴリ,43-573,ピカタ
中カテゴリ,43-574,ブルスケッタ
中カテゴリ,43-575,パニーノ・パニーニ
中カテゴリ,43-576,カルツォーネ
中カテゴリ,43-579,カプレーゼ
中カテゴリ,43-580,パンナコッタ
中カテゴリ,43-581,ティラミス
中カテゴリ,43-582,その他のイタリア料理
中カテゴリ,44-583,ラタトゥイユ
中カテゴリ,44-584,チーズフォンデュ
中カテゴリ,44-585,テリーヌ
中カテゴリ,44-586,ブイヤベース
中カテゴリ,44-587,ムニエル
中カテゴリ,44-588,ビスク
中カテゴリ,44-589,マリネ
中カテゴリ,44-590,ガレット
中カテゴリ,44-591,その他のフランス料理
中カテゴリ,46-596,タイ料理
中カテゴリ,46-597,インド料理
中カテゴリ,46-598,ベトナム料理
中カテゴリ,46-599,メキシコ料理
中カテゴリ,47-602,ゴーヤチャンプル
中カテゴリ,47-600,ソーキそば・沖縄そば
中カテゴリ,47-601,海ぶどう
中カテゴリ,47-603,そうめんチャンプルー
中カテゴリ,47-604,ラフテー
中カテゴリ,47-605,ミミガー
中カテゴリ,47-606,ジューシー
中カテゴリ,47-607,サーターアンダーギー
中カテゴリ,47-608,ヒラヤーチー
中カテゴリ,47-609,コーレーグス・島唐辛子
中カテゴリ,47-610,その他の沖縄料理
中カテゴリ,48-612,ちゃんちゃん焼き
中カテゴリ,48-613,筑前煮
中カテゴリ,48-611,ジンギスカン
中カテゴリ,48-614,すいとん
中カテゴリ,48-615,ほうとう
中カテゴリ,48-616,ひつまぶし
中カテゴリ,48-617,ちゃんぽん
中カテゴリ,48-618,明石焼き
中カテゴリ,48-619,いかめし
中カテゴリ,48-620,せんべい汁
中カテゴリ,48-621,皿うどん
中カテゴリ,48-622,きりたんぽ
中カテゴリ,48-623,のっぺい汁
中カテゴリ,48-624,治部煮
中カテゴリ,48-625,いちご煮
中カテゴリ,48-626,三升漬け
中カテゴリ,48-627,三平汁
中カテゴリ,48-628,じゃっぱ汁
中カテゴリ,48-629,辛子蓮根
中カテゴリ,48-715,芋煮
中カテゴリ,48-716,五平餅
中カテゴリ,48-630,その他の郷土料理
中カテゴリ,49-636,きんとん（栗きんとん）
中カテゴリ,49-637,お雑煮
中カテゴリ,49-638,錦玉子・伊達巻
中カテゴリ,49-639,なます
中カテゴリ,49-640,黒豆
中カテゴリ,49-641,数の子
中カテゴリ,49-642,田作り
中カテゴリ,49-643,煮しめ
中カテゴリ,49-644,たたきごぼう
中カテゴリ,49-645,昆布巻き
中カテゴリ,49-646,酢れんこん
中カテゴリ,49-648,おせちの海老料理
中カテゴリ,49-649,八幡巻き
中カテゴリ,49-650,簡単おせち料理
中カテゴリ,49-651,その他のおせち料理
中カテゴリ,50-652,クリスマスケーキ
中カテゴリ,50-653,クリスマスオードブル
中カテゴリ,50-654,クリスマスチキン
中カテゴリ,50-655,クリスマスサラダ
中カテゴリ,50-656,クリスマス向けアレンジ
中カテゴリ,51-657,ひな祭りケーキ
中カテゴリ,51-658,ひな祭りちらしずし
中カテゴリ,51-659,ひな祭り向けアレンジ
中カテゴリ,52-660,ホワイトデー
中カテゴリ,52-661,お花見・春の行楽
中カテゴリ,52-662,子供の日
中カテゴリ,52-663,母の日
中カテゴリ,53-664,父の日
中カテゴリ,53-665,夏バテ対策
中カテゴリ,53-666,お祭り
中カテゴリ,53-667,十五夜・お月見
中カテゴリ,54-668,ハロウィン
中カテゴリ,54-669,秋の行楽・紅葉
中カテゴリ,54-670,七五三の料理
中カテゴリ,55-671,節分
中カテゴリ,55-672,恵方巻き
中カテゴリ,55-673,ななくさ粥（七草粥）
中カテゴリ,55-674,バレンタイン
小カテゴリ,10-66-50,ソーセージ・ウインナー
小カテゴリ,10-67-1491,生ハム
小カテゴリ,10-67-1492,鶏ハム
小カテゴリ,10-67-321,その他のハム
小カテゴリ,10-68-49,ベーコン
小カテゴリ,10-69-45,ラムチョップ・ラム肉
小カテゴリ,10-69-46,ホルモン・レバー
小カテゴリ,10-69-51,ランチョンミート・スパム
小カテゴリ,10-69-457,ジビエ
小カテゴリ,10-69-461,馬肉
小カテゴリ,10-69-458,鴨肉
小カテゴリ,10-69-460,猪肉
小カテゴリ,10-69-462,フォアグラ
小カテゴリ,10-69-1493,七面鳥
小カテゴリ,10-69-2132,鹿肉
小カテゴリ,10-69-2133,サラダチキン
小カテゴリ,10-69-52,その他のお肉加工品
小カテゴリ,10-69-47,その他のお肉
小カテゴリ,11-70-55,鮭全般
小カテゴリ,11-70-839,サーモン
小カテゴリ,11-70-1494,スモークサーモン
小カテゴリ,11-70-1495,鮭フレーク
小カテゴリ,11-70-2016,銀鮭
小カテゴリ,11-70-2017,塩鮭
小カテゴリ,11-70-2018,生鮭
小カテゴリ,11-70-2019,白鮭(秋鮭)
小カテゴリ,11-70-2020,鮭ハラス
小カテゴリ,11-70-2021,ニジマス
小カテゴリ,11-70-2022,サクラマス
小カテゴリ,11-71-54,いわし
小カテゴリ,11-72-2023,塩さば
小カテゴリ,11-72-2024,真さば
小カテゴリ,11-72-2025,ごまさば
小カテゴリ,11-72-2026,しめさば
小カテゴリ,11-72-322,さば全般
小カテゴリ,11-73-58,あじ
小カテゴリ,11-74-57,ぶり
小カテゴリ,11-75-56,さんま
小カテゴリ,11-76-325,鯛
小カテゴリ,11-77-53,マグロ
小カテゴリ,11-78-522,カジキマグロ（めかじき）
小カテゴリ,11-78-465,さわら
小カテゴリ,11-78-469,しらす
小カテゴリ,11-78-324,かつお
小カテゴリ,11-78-471,ししゃも
小カテゴリ,11-78-334,うなぎ
小カテゴリ,11-78-1497,にしん
小カテゴリ,11-78-323,カレイ（カラスカレイ）
小カテゴリ,11-78-523,赤魚
小カテゴリ,11-78-328,金目鯛
小カテゴリ,11-78-1498,甘鯛
小カテゴリ,11-78-472,穴子
小カテゴリ,11-78-1499,ヒラメ
小カテゴリ,11-78-841,メバル
小カテゴリ,11-78-327,ワカサギ
小カテゴリ,11-78-468,ほっけ
小カテゴリ,11-78-840,きす
小カテゴリ,11-78-466,あんこう
小カテゴリ,11-78-1500,カサゴ
小カテゴリ,11-78-1501,鱧
小カテゴリ,11-78-2027,太刀魚
小カテゴリ,11-78-2028,イサキ
小カテゴリ,11-78-2029,スズキ
小カテゴリ,11-78-1502,その他のさかな全般
小カテゴリ,11-79-1503,むきえび
小カテゴリ,11-79-1504,桜えび
小カテゴリ,11-79-1505,甘エビ
小カテゴリ,11-79-1506,小エビ
小カテゴリ,11-79-1507,干しエビ
小カテゴリ,11-79-65,その他のエビ
小カテゴリ,11-80-68,いか全般
小カテゴリ,11-80-2030,スルメイカ
小カテゴリ,11-80-2031,ヒイカ
小カテゴリ,11-80-2032,ホタルイカ
小カテゴリ,11-80-2033,ヤリイカ
小カテゴリ,11-80-2034,ケンサキイカ
小カテゴリ,11-80-2035,アオリイカ
小カテゴリ,11-81-67,たこ
小カテゴリ,11-82-60,あさり
小カテゴリ,11-82-61,ホタテ
小カテゴリ,11-82-63,はまぐり
小カテゴリ,11-82-477,ムール貝
小カテゴリ,11-82-478,しじみ
小カテゴリ,11-82-330,サザエ
小カテゴリ,11-82-329,あわび
小カテゴリ,11-82-475,つぶ貝
小カテゴリ,11-82-476,ホッキ貝
小カテゴリ,11-82-64,その他の貝
小カテゴリ,11-83-66,かに
小カテゴリ,12-95-13,にんじん
小カテゴリ,12-97-17,じゃがいも
小カテゴリ,12-99-318,もやし
小カテゴリ,12-100-10,たけのこ
小カテゴリ,12-100-2,レタス
小カテゴリ,12-100-11,アスパラ
小カテゴリ,12-100-83,ふき
小カテゴリ,12-100-858,新玉ねぎ
小カテゴリ,12-100-445,菜の花
小カテゴリ,12-100-859,新じゃが
小カテゴリ,12-100-444,とうみょう（豆苗）
小カテゴリ,12-100-23,そら豆
小カテゴリ,12-100-82,うど
小カテゴリ,12-100-845,さやえんどう
小カテゴリ,12-100-21,えんどう豆
小カテゴリ,12-100-81,ぜんまい
小カテゴリ,12-100-1530,たらの芽
小カテゴリ,12-100-1993,わらび
小カテゴリ,12-100-317,クレソン
小カテゴリ,12-100-844,グリーンピース
小カテゴリ,12-100-84,よもぎ
小カテゴリ,12-100-846,スナップえんどう
小カテゴリ,12-100-454,せり
小カテゴリ,12-100-2036,ふきのとう
小カテゴリ,12-101-31,ゴーヤ
小カテゴリ,12-101-315,ズッキーニ
小カテゴリ,12-101-821,とうがん（冬瓜）
小カテゴリ,12-101-30,ピーマン
小カテゴリ,12-101-32,オクラ
小カテゴリ,12-101-1532,ししとう
小カテゴリ,12-101-509,モロヘイヤ
小カテゴリ,12-101-22,いんげん
小カテゴリ,12-101-456,パプリカ
小カテゴリ,12-101-511,空芯菜
小カテゴリ,12-101-24,枝豆
小カテゴリ,12-101-422,とうもろこし
小カテゴリ,12-101-28,うり（瓜）
小カテゴリ,12-101-515,ささげ
小カテゴリ,12-101-1533,そうめんかぼちゃ
小カテゴリ,12-101-2037,つるむらさき
小カテゴリ,12-102-15,れんこん
小カテゴリ,12-102-16,かぶ
小カテゴリ,12-102-18,山芋
小カテゴリ,12-102-847,長芋
小カテゴリ,12-102-1534,ぎんなん(銀杏)
小カテゴリ,12-102-449,春菊
小カテゴリ,12-102-319,チンゲン菜
小カテゴリ,12-102-452,大和芋
小カテゴリ,12-102-2038,バターナッツかぼちゃ
小カテゴリ,12-103-308,里芋
小カテゴリ,12-103-3,水菜
小カテゴリ,12-103-4,にら
小カテゴリ,12-103-314,セロリ
小カテゴリ,12-103-34,カリフラワー
小カテゴリ,12-103-8,長ネギ（ねぎ）
小カテゴリ,12-103-442,くわい
小カテゴリ,12-103-514,わさび菜
小カテゴリ,12-103-451,ユリ根
小カテゴリ,12-104-1539,ヤーコン
小カテゴリ,12-104-1540,にんにくの芽
小カテゴリ,12-104-1541,芽キャベツ
小カテゴリ,12-104-1542,高菜
小カテゴリ,12-104-1543,らっきょう
小カテゴリ,12-104-1544,ラディッシュ
小カテゴリ,12-104-1545,むかご
小カテゴリ,12-104-1546,かいわれ大根
小カテゴリ,12-104-1547,スプラウト
小カテゴリ,12-104-1548,エシャロット
小カテゴリ,12-104-1960,その他の野菜
小カテゴリ,12-104-2039,おかひじき
小カテゴリ,12-104-2040,ケール
小カテゴリ,12-105-75,しいたけ
小カテゴリ,12-105-339,エリンギ
小カテゴリ,12-105-78,えのき
小カテゴリ,12-105-76,しめじ
小カテゴリ,12-105-77,まいたけ
小カテゴリ,12-105-337,松茸
小カテゴリ,12-105-79,なめこ
小カテゴリ,12-105-338,マッシュルーム
小カテゴリ,12-105-2041,ひらたけ
小カテゴリ,12-105-80,その他のきのこ
小カテゴリ,12-107-36,みょうが
小カテゴリ,12-107-316,生姜（新生姜）
小カテゴリ,12-107-448,しそ・大葉
小カテゴリ,12-107-9,ガーリック・にんにく
小カテゴリ,12-107-513,とうがらし・葉唐辛子
小カテゴリ,12-107-856,万能ねぎ
小カテゴリ,12-107-450,パセリ
小カテゴリ,12-107-1535,パクチー
小カテゴリ,12-107-1536,ローズマリー
小カテゴリ,12-107-1537,バジル
小カテゴリ,12-107-1538,フェンネル
小カテゴリ,13-108-490,ちくわ
小カテゴリ,13-108-107,はんぺん
小カテゴリ,13-108-1635,さつま揚げ
小カテゴリ,13-108-529,がんもどき
小カテゴリ,13-108-528,かまぼこ
小カテゴリ,13-108-530,カニカマ
小カテゴリ,13-108-108,その他の練物
小カテゴリ,13-109-531,缶詰
小カテゴリ,13-109-1636,カニ缶
小カテゴリ,13-109-1637,さば缶
小カテゴリ,13-109-1638,トマト缶
小カテゴリ,13-109-843,ツナ缶
小カテゴリ,13-109-1639,鮭缶
小カテゴリ,13-109-1640,缶詰アレンジ
小カテゴリ,13-109-110,インスタントラーメン
小カテゴリ,13-109-111,冷凍食品
小カテゴリ,13-109-109,シリアル
小カテゴリ,13-109-112,レトルト食品
小カテゴリ,13-109-2050,オイルサーディン
小カテゴリ,13-109-2062,グラノーラ
小カテゴリ,13-109-2064,オートミール
小カテゴリ,13-109-113,その他の加工食品
小カテゴリ,13-111-1648,糸こんにゃく
小カテゴリ,13-111-1649,玉こんにゃく
小カテゴリ,13-111-1650,板こんにゃく
小カテゴリ,13-111-124,その他のこんにゃく
小カテゴリ,13-112-125,しらたき
小カテゴリ,13-113-120,ひじき
小カテゴリ,13-113-73,わかめ
小カテゴリ,13-113-335,もずく
小カテゴリ,13-113-72,昆布
小カテゴリ,13-113-336,海苔
小カテゴリ,13-113-1651,切り昆布
小カテゴリ,13-113-1652,塩昆布
小カテゴリ,13-113-1653,めかぶ
小カテゴリ,13-113-2065,茎わかめ
小カテゴリ,13-113-74,その他の海藻
小カテゴリ,13-114-491,切り干し大根
小カテゴリ,13-114-350,春雨
小カテゴリ,13-114-119,きくらげ
小カテゴリ,13-114-533,麩
小カテゴリ,13-114-117,かんぴょう
小カテゴリ,13-114-492,干し椎茸
小カテゴリ,13-114-534,佃煮
小カテゴリ,13-114-121,かつお節（鰹節）
小カテゴリ,13-114-1654,ちりめん山椒
小カテゴリ,13-114-123,その他の乾物
小カテゴリ,13-115-126,その他の食材
小カテゴリ,14-121-553,オムライス
小カテゴリ,14-122-552,チキンライス
小カテゴリ,14-123-567,ハヤシライス
小カテゴリ,14-124-568,タコライス
小カテゴリ,14-125-569,ロコモコ
小カテゴリ,14-126-303,パエリア
小カテゴリ,14-127-1310,エビピラフ
小カテゴリ,14-127-1311,カレーピラフ
小カテゴリ,14-127-142,その他のピラフ
小カテゴリ,14-128-145,その他○○ライス
小カテゴリ,14-129-560,ちらし寿司
小カテゴリ,14-129-559,いなり寿司
小カテゴリ,14-129-561,手巻き寿司
小カテゴリ,14-129-890,巻き寿司
小カテゴリ,14-129-889,押し寿司
小カテゴリ,14-129-888,にぎり寿司・手まり寿司
小カテゴリ,14-129-891,お祝い・パーティ寿司
小カテゴリ,14-129-1313,すし飯
小カテゴリ,14-129-140,その他の寿司
小カテゴリ,14-130-544,豚丼
小カテゴリ,14-130-1314,天津丼・天津飯
小カテゴリ,14-130-546,中華丼
小カテゴリ,14-130-542,カツ丼
小カテゴリ,14-130-548,天丼
小カテゴリ,14-130-547,海鮮丼
小カテゴリ,14-130-1315,しらす丼
小カテゴリ,14-130-1316,三色丼・そぼろ丼
小カテゴリ,14-130-540,玉子丼
小カテゴリ,14-130-545,鶏丼
小カテゴリ,14-130-2143,ステーキ丼
小カテゴリ,14-130-135,その他のどんぶり
小カテゴリ,14-131-1317,キムチチャーハン
小カテゴリ,14-131-892,あんかけチャーハン
小カテゴリ,14-131-1318,レタスチャーハン
小カテゴリ,14-131-1319,納豆チャーハン
小カテゴリ,14-131-1320,高菜チャーハン
小カテゴリ,14-131-893,アレンジチャーハン
小カテゴリ,14-131-136,その他のチャーハン
小カテゴリ,14-131-894,ナシゴレン
小カテゴリ,14-131-554,そばめし
小カテゴリ,14-132-1321,栗ご飯
小カテゴリ,14-132-555,おこわ・赤飯
小カテゴリ,14-132-1322,たけのこご飯
小カテゴリ,14-132-1323,鯛めし
小カテゴリ,14-132-2144,とうもろこしご飯
小カテゴリ,14-132-1324,豆ごはん
小カテゴリ,14-132-1325,松茸ご飯
小カテゴリ,14-132-1326,鶏飯
小カテゴリ,14-132-1327,深川飯
小カテゴリ,14-132-2099,ひじきご飯
小カテゴリ,14-132-1328,かやくご飯
小カテゴリ,14-132-138,混ぜご飯
小カテゴリ,14-132-137,その他の炊き込みご飯
小カテゴリ,14-133-139,おかゆ
小カテゴリ,14-133-557,雑炊
小カテゴリ,14-133-558,おじや
小カテゴリ,14-134-550,肉巻きおにぎり
小カテゴリ,14-134-549,焼きおにぎり
小カテゴリ,14-134-1329,スパムおにぎり
小カテゴリ,14-134-141,その他のおにぎり
小カテゴリ,14-135-570,残りごはん・冷ごはん
小カテゴリ,14-135-571,お茶漬け
小カテゴリ,14-135-2146,とろろ・麦とろご飯
小カテゴリ,14-135-143,ドリア
小カテゴリ,14-135-2145,ガーリックライス
小カテゴリ,15-137-590,ミートソース
小カテゴリ,15-138-155,クリーム系パスタ
小カテゴリ,15-139-157,オイル・塩系パスタ
小カテゴリ,15-140-900,チーズ系パスタ
小カテゴリ,15-141-592,バジルソース系パスタ
小カテゴリ,15-142-156,和風パスタ
小カテゴリ,15-143-357,冷製パスタ
小カテゴリ,15-144-242,パスタソース
小カテゴリ,15-145-591,スープスパ・スープパスタ
小カテゴリ,15-146-158,その他のパスタ
小カテゴリ,15-147-905,ニョッキ
小カテゴリ,15-151-810,ラザニア
小カテゴリ,16-152-913,カレーうどん
小カテゴリ,16-152-1332,鍋焼きうどん
小カテゴリ,16-152-911,サラダうどん
小カテゴリ,16-152-1333,冷やしうどん
小カテゴリ,16-152-1334,きつねうどん
小カテゴリ,16-152-1335,肉うどん
小カテゴリ,16-152-912,煮込みうどん
小カテゴリ,16-152-1336,釜揚げうどん
小カテゴリ,16-152-572,焼うどん
小カテゴリ,16-152-1337,ぶっかけうどん
小カテゴリ,16-152-150,アレンジうどん
小カテゴリ,16-153-915,あったかい蕎麦
小カテゴリ,16-153-916,冷たい蕎麦
小カテゴリ,16-153-149,アレンジそば
小カテゴリ,16-153-917,そば寿司
小カテゴリ,16-154-151,素麺・冷麦
小カテゴリ,16-154-573,にゅうめん
小カテゴリ,16-154-918,アレンジそうめん
小カテゴリ,16-155-1338,あんかけ焼きそば
小カテゴリ,16-155-575,塩焼きそば
小カテゴリ,16-155-574,ソース焼きそば
小カテゴリ,16-155-2147,かた焼きそば
小カテゴリ,16-155-2148,オムそば
小カテゴリ,16-155-152,アレンジ焼きそば
小カテゴリ,16-156-1339,味噌ラーメン
小カテゴリ,16-156-1340,塩ラーメン
小カテゴリ,16-156-1341,冷やしラーメン
小カテゴリ,16-156-1342,醤油ラーメン
小カテゴリ,16-156-1343,トマトラーメン
小カテゴリ,16-156-1344,豚骨ラーメン
小カテゴリ,16-156-1345,ラーメンサラダ
小カテゴリ,16-156-1346,その他のラーメン
小カテゴリ,16-156-919,ラーメンスープ・つけだれ
小カテゴリ,16-158-920,おやき
小カテゴリ,16-158-921,おかず系のクレープ
小カテゴリ,17-159-1355,あさり味噌汁
小カテゴリ,17-159-1356,しじみ味噌汁
小カテゴリ,17-159-1358,なめこの味噌汁
小カテゴリ,17-159-2155,豆腐の味噌汁
小カテゴリ,17-159-2151,大根の味噌汁
小カテゴリ,17-159-2156,油揚げの味噌汁
小カテゴリ,17-159-2150,玉ねぎの味噌汁
小カテゴリ,17-159-2152,キャベツの味噌汁
小カテゴリ,17-159-2157,じゃがいもの味噌汁
小カテゴリ,17-159-1357,なすの味噌汁
小カテゴリ,17-159-2154,白菜の味噌汁
小カテゴリ,17-159-2149,かぶの味噌汁
小カテゴリ,17-159-2158,ほうれん草の味噌汁
小カテゴリ,17-159-2153,小松菜の味噌汁
小カテゴリ,17-159-2159,さつまいもの味噌汁
小カテゴリ,17-159-814,その他の味噌汁
小カテゴリ,17-160-813,お吸い物
小カテゴリ,17-161-790,豚汁
小カテゴリ,17-162-1360,冷汁
小カテゴリ,17-162-1361,粕汁
小カテゴリ,17-162-1362,すまし汁
小カテゴリ,17-162-1363,あら汁
小カテゴリ,17-162-1364,つみれ汁
小カテゴリ,17-162-815,その他の汁物
小カテゴリ,17-164-1367,ワンタンスープ
小カテゴリ,17-164-1368,わかめスープ
小カテゴリ,17-164-1369,春雨スープ
小カテゴリ,17-164-89,その他の中華スープ
小カテゴリ,17-165-479,和風スープ
小カテゴリ,17-166-480,韓国風スープ
小カテゴリ,17-167-86,コンソメスープ
小カテゴリ,17-168-87,トマトスープ
小カテゴリ,17-169-481,野菜スープ
小カテゴリ,17-170-90,クリームスープ
小カテゴリ,17-171-88,コーンスープ・ポタージュ
小カテゴリ,17-173-2160,卵スープ
小カテゴリ,17-173-341,オニオンスープ
小カテゴリ,17-173-926,オニオングラタンスープ
小カテゴリ,17-173-2162,玉ねぎスープ
小カテゴリ,17-173-2161,白菜スープ
小カテゴリ,17-173-345,にんじんスープ
小カテゴリ,17-173-346,モロヘイヤスープ
小カテゴリ,17-173-340,豆乳スープ
小カテゴリ,17-173-343,豆スープ
小カテゴリ,17-173-524,ビシソワーズ
小カテゴリ,17-173-1370,冷製スープ
小カテゴリ,17-173-91,その他のスープ
小カテゴリ,18-184-946,豆腐サラダ
小カテゴリ,18-184-949,魚介のサラダ
小カテゴリ,18-184-950,お肉を使ったサラダ
小カテゴリ,18-184-1412,豚しゃぶ・冷しゃぶサラダ
小カテゴリ,18-184-2163,水菜サラダ
小カテゴリ,18-184-945,ツナサラダ
小カテゴリ,18-184-947,海藻サラダ
小カテゴリ,18-184-943,トマトサラダ
小カテゴリ,18-184-1408,キャベツサラダ
小カテゴリ,18-184-1409,人参サラダ
小カテゴリ,18-184-948,ゴーヤサラダ
小カテゴリ,18-184-1410,アボカドサラダ
小カテゴリ,18-184-1411,切り干し大根サラダ
小カテゴリ,18-185-951,マヨネーズを使ったサラダ
小カテゴリ,18-186-952,ナンプラーを使ったサラダ
小カテゴリ,18-187-796,シーザーサラダ
小カテゴリ,18-188-953,和風のサラダ
小カテゴリ,18-188-954,中華サラダ
小カテゴリ,18-188-955,イタリアンサラダ
小カテゴリ,18-188-956,韓国風のサラダ
小カテゴリ,18-188-957,洋風・デリ風のサラダ
小カテゴリ,18-188-958,アジアンサラダ
小カテゴリ,18-189-797,スパゲティサラダ
小カテゴリ,18-190-959,ホットサラダ・温野菜
小カテゴリ,18-191-794,その他のサラダ
小カテゴリ,19-192-239,トマトソース
小カテゴリ,19-192-241,タルタルソース
小カテゴリ,19-192-1553,バジルソース
小カテゴリ,19-192-1554,ホワイトソース
小カテゴリ,19-192-1555,ステーキソース
小カテゴリ,19-192-1556,サルサソース
小カテゴリ,19-192-1557,ハンバーグソース
小カテゴリ,19-192-960,デミグラスソース
小カテゴリ,19-192-1558,バーニャカウダソース
小カテゴリ,19-192-627,マヨネーズ
小カテゴリ,19-192-1559,ピザソース
小カテゴリ,19-192-1560,チリソース
小カテゴリ,19-192-963,ジェノベーゼソース
小カテゴリ,19-192-961,照り焼きソース
小カテゴリ,19-192-962,オーロラソース
小カテゴリ,19-192-240,クリームソース
小カテゴリ,19-192-287,フルーツソース
小カテゴリ,19-192-243,お肉に合うソース
小カテゴリ,19-192-244,シーフードに合うソース
小カテゴリ,19-192-245,その他のソース
小カテゴリ,19-193-966,焼肉のたれ
小カテゴリ,19-193-1561,冷やし中華のたれ
小カテゴリ,19-193-965,ごまだれ
小カテゴリ,19-193-1562,焼き鳥のたれ
小カテゴリ,19-193-363,ラー油・食べるラー油
小カテゴリ,19-193-967,マリネ液
小カテゴリ,19-193-964,餃子のタレ
小カテゴリ,19-193-246,お肉に合うタレ
小カテゴリ,19-193-247,シーフードに合うタレ
小カテゴリ,19-193-248,野菜に合うタレ
小カテゴリ,19-193-2088,ローストビーフのたれ
小カテゴリ,19-193-2089,バンバンジーのたれ
小カテゴリ,19-193-249,その他のタレ
小カテゴリ,19-194-250,めんつゆ
小カテゴリ,19-194-1563,そばつゆ・そうめんつゆ
小カテゴリ,19-194-251,天つゆ
小カテゴリ,19-194-252,その他のつゆ
小カテゴリ,19-195-1564,ほんだし
小カテゴリ,19-195-1565,白だし
小カテゴリ,19-195-300,その他のだし
小カテゴリ,19-196-253,フレンチドレッシング
小カテゴリ,19-196-256,和風ドレッシング
小カテゴリ,19-196-254,イタリアンドレッシング
小カテゴリ,19-196-255,中華ドレッシング
小カテゴリ,19-196-968,シーザードレッシング
小カテゴリ,19-196-969,ゴマドレッシング
小カテゴリ,19-196-257,マヨネーズ系ドレッシング
小カテゴリ,19-196-2069,玉ねぎドレッシング
小カテゴリ,19-196-258,その他のドレッシング
小カテゴリ,20-197-970,お弁当のおかず全般
小カテゴリ,20-198-971,赤色系のおかず
小カテゴリ,20-198-972,黄色系のおかず
小カテゴリ,20-198-973,緑系のおかず
小カテゴリ,20-198-974,白系のおかず
小カテゴリ,20-198-975,黒・茶系のおかず
小カテゴリ,20-199-976,作り置き・冷凍できるおかず
小カテゴリ,20-199-2185,作り置きの野菜
小カテゴリ,20-200-977,すきまおかず
小カテゴリ,20-201-978,使い回しおかず
小カテゴリ,20-202-214,ごはんのお弁当（子供用）
小カテゴリ,20-202-215,パンのお弁当（子供用）
小カテゴリ,20-202-216,おにぎりのお弁当（子供用）
小カテゴリ,20-202-218,かわいいおかず
小カテゴリ,20-202-219,その他のお弁当（子供用）
小カテゴリ,20-202-979,パスタのお弁当（子供）
小カテゴリ,20-202-2104,幼稚園のお弁当
小カテゴリ,20-202-2178,1歳のお弁当
小カテゴリ,20-202-2179,2歳のお弁当
小カテゴリ,20-203-220,ごはんのお弁当（大人用）
小カテゴリ,20-203-221,パンのお弁当（大人用）
小カテゴリ,20-203-222,おにぎりのお弁当（大人用）
小カテゴリ,20-203-224,お弁当のおかず（大人用）
小カテゴリ,20-203-980,パスタのお弁当（大人用）
小カテゴリ,20-203-225,その他のお弁当（大人用）
小カテゴリ,21-204-985,アイシングクッキー
小カテゴリ,21-204-1442,おからクッキー
小カテゴリ,21-204-1443,ホットケーキミックスでクッキー
小カテゴリ,21-204-1444,チョコチップクッキー
小カテゴリ,21-204-1445,豆乳クッキー
小カテゴリ,21-204-498,その他のクッキー
小カテゴリ,21-204-610,ビスケット
小カテゴリ,21-204-611,サブレ
小カテゴリ,21-205-625,レアチーズケーキ
小カテゴリ,21-205-986,ベイクドチーズケーキ
小カテゴリ,21-205-1446,スフレチーズケーキ
小カテゴリ,21-205-189,その他のチーズケーキ
小カテゴリ,21-206-497,ロールケーキ
小カテゴリ,21-206-190,スポンジケーキ
小カテゴリ,21-206-1449,バナナケーキ
小カテゴリ,21-206-623,モンブラン
小カテゴリ,21-206-1450,レモンケーキ
小カテゴリ,21-206-188,ショートケーキ
小カテゴリ,21-206-1451,ミルクレープ
小カテゴリ,21-206-1452,フルーツケーキ
小カテゴリ,21-206-194,その他のケーキ
小カテゴリ,21-207-817,アップルパイ
小カテゴリ,21-207-1454,ミートパイ
小カテゴリ,21-207-193,タルト
小カテゴリ,21-207-306,パイ
小カテゴリ,21-207-622,ミルフィーユ
小カテゴリ,21-207-987,タルト台
小カテゴリ,21-208-989,ガトーショコラ
小カテゴリ,21-208-607,生チョコ
小カテゴリ,21-208-608,ブラウニー
小カテゴリ,21-208-988,チョコレートケーキ
小カテゴリ,21-208-1120,トリュフ
小カテゴリ,21-208-1455,ザッハトルテ
小カテゴリ,21-208-201,その他のチョコレート
小カテゴリ,21-209-507,マフィン
小カテゴリ,21-209-499,スコーン
小カテゴリ,21-210-990,カップケーキ
小カテゴリ,21-210-609,マカロン
小カテゴリ,21-210-619,マドレーヌ
小カテゴリ,21-210-1457,ワッフル
小カテゴリ,21-210-991,フィナンシェ
小カテゴリ,21-210-202,その他の焼き菓子
小カテゴリ,21-211-1458,かぼちゃプリン
小カテゴリ,21-211-1459,マンゴープリン
小カテゴリ,21-211-1460,豆乳プリン
小カテゴリ,21-211-1461,カスタードプリン
小カテゴリ,21-211-1462,焼きプリン
小カテゴリ,21-211-197,その他のプリン・プディング
小カテゴリ,21-212-195,シュークリーム
小カテゴリ,21-212-992,エクレア
小カテゴリ,21-214-200,カステラ
小カテゴリ,21-214-184,おはぎ
小カテゴリ,21-214-598,ぜんざい
小カテゴリ,21-214-95,おしるこ
小カテゴリ,21-214-1471,白玉団子
小カテゴリ,21-214-180,だんご
小カテゴリ,21-214-1472,みたらし団子
小カテゴリ,21-214-183,どら焼き
小カテゴリ,21-214-182,羊羹
小カテゴリ,21-214-1473,水ようかん
小カテゴリ,21-214-1474,芋ようかん
小カテゴリ,21-214-599,ういろう
小カテゴリ,21-214-1475,かりんとう
小カテゴリ,21-214-597,大福
小カテゴリ,21-214-181,まんじゅう
小カテゴリ,21-214-600,くずもち
小カテゴリ,21-214-596,わらび餅
小カテゴリ,21-214-185,お餅
小カテゴリ,21-214-186,せんべい
小カテゴリ,21-214-187,その他の和菓子
小カテゴリ,21-215-1453,ホットケーキ・パンケーキ
小カテゴリ,21-216-602,焼きドーナツ
小カテゴリ,21-216-603,生ドーナツ
小カテゴリ,21-216-196,その他のドーナツ
小カテゴリ,21-217-1476,大学芋
小カテゴリ,21-217-2164,マロングラッセ
小カテゴリ,21-217-614,マシュマロ
小カテゴリ,21-217-616,クレープ
小カテゴリ,21-217-2165,ポップコーン
小カテゴリ,21-217-1477,パフェ
小カテゴリ,21-217-1478,コンポート
小カテゴリ,21-217-620,水切りヨーグルト
小カテゴリ,21-217-199,ヨーグルトを使ったお菓子
小カテゴリ,21-217-1479,生キャラメル
小カテゴリ,21-217-626,飴・キャンディー
小カテゴリ,21-217-122,ドライフルーツ
小カテゴリ,21-217-212,世界のお菓子
小カテゴリ,21-217-213,創作・オリジナルお菓子
小カテゴリ,21-217-205,その他のお菓子
小カテゴリ,21-218-1480,生クリーム
小カテゴリ,21-218-1481,カスタードクリーム
小カテゴリ,21-218-294,チョコレートクリーム
小カテゴリ,21-218-295,ピーナツクリーム
小カテゴリ,21-218-296,キャラメルクリーム
小カテゴリ,21-218-297,バタークリーム
小カテゴリ,21-218-298,ゴマクリーム
小カテゴリ,21-218-299,その他のクリーム
小カテゴリ,21-218-1482,梅ジャム
小カテゴリ,21-218-291,ブルーベリージャム
小カテゴリ,21-218-288,オレンジジャム・マーマレード
小カテゴリ,21-218-289,イチゴジャム
小カテゴリ,21-218-290,リンゴジャム
小カテゴリ,21-218-293,ミルクジャム
小カテゴリ,21-218-292,その他のジャム
小カテゴリ,21-218-993,コンフィチュール
小カテゴリ,22-219-165,バゲット・フランスパン
小カテゴリ,22-219-166,カンパーニュ
小カテゴリ,22-219-994,エピ
小カテゴリ,22-219-995,全粒粉・ライ麦・雑穀パン
小カテゴリ,22-220-173,ベーグル
小カテゴリ,22-220-996,イングリッシュマフィン
小カテゴリ,22-220-1002,米粉パン
小カテゴリ,22-220-167,ロールパン
小カテゴリ,22-220-997,レーズンパン
小カテゴリ,22-220-999,ミルクパン
小カテゴリ,22-220-1001,白パン
小カテゴリ,22-220-1000,胡桃パン
小カテゴリ,22-220-998,丸パン
小カテゴリ,22-221-1438,ラスク
小カテゴリ,22-221-1439,塩ケーキ（ケークサレ）
小カテゴリ,22-221-1003,シナモンロール
小カテゴリ,22-221-209,メロンパン
小カテゴリ,22-221-207,クリームパン
小カテゴリ,22-221-206,あんぱん
小カテゴリ,22-221-1440,揚げパン
小カテゴリ,22-221-211,その他の菓子パン
小カテゴリ,22-222-169,クロワッサン
小カテゴリ,22-222-168,デニッシュ
小カテゴリ,22-223-1009,白神こだま酵母
小カテゴリ,22-223-1006,ホシノ天然酵母
小カテゴリ,22-223-1007,パネトーネマザー
小カテゴリ,22-223-1008,あこ天然酵母
小カテゴリ,22-223-1005,自家製酵母を使ったパン
小カテゴリ,22-223-1004,自家製酵母の作り方
小カテゴリ,22-223-365,その他の酵母
小カテゴリ,22-227-358,フォカッチャ
小カテゴリ,22-227-1014,ブリオッシュ
小カテゴリ,22-227-585,ピタサンド・ピタパン
小カテゴリ,22-227-1015,プレッツェル
小カテゴリ,22-227-1012,グリッシーニ
小カテゴリ,22-229-1433,ハンバーガー
小カテゴリ,22-229-1434,ホットドッグ
小カテゴリ,22-229-1435,ガーリックトースト
小カテゴリ,22-229-587,カレーパン
小カテゴリ,22-229-1436,ピザトースト
小カテゴリ,22-229-1016,コーンパン
小カテゴリ,22-229-1017,焼きそばパン
小カテゴリ,22-229-1018,チーズパン
小カテゴリ,22-229-1019,マヨネーズを使ったパン
小カテゴリ,22-229-1437,その他の惣菜パン
小カテゴリ,22-230-175,その他
小カテゴリ,22-231-1020,牛乳・卵を使わないパン
小カテゴリ,22-231-1021,オイルを使わないパン
小カテゴリ,23-234-100,その他の鍋
小カテゴリ,24-238-1896,アウトドア料理・キャンプ飯
小カテゴリ,24-238-1051,ダッチオーブン
小カテゴリ,24-238-1050,燻製
小カテゴリ,24-238-1045,バーベキューの野菜料理
小カテゴリ,24-238-1046,バーベキューの肉料理
小カテゴリ,24-238-1047,バーベキューのご飯もの
小カテゴリ,24-238-1048,バーベキューの海の幸料理
小カテゴリ,24-238-1049,バーベキューの山の幸・川の幸料理
小カテゴリ,24-238-374,バーベキュー向けアレンジ
小カテゴリ,24-244-386,その他イベント
小カテゴリ,25-248-1059,ビーフストロガノフ
小カテゴリ,25-248-1060,ボルシチ
小カテゴリ,25-248-1061,ピロシキ
小カテゴリ,25-248-1062,ロシアンティー
小カテゴリ,25-248-1063,ペリメニ
小カテゴリ,25-248-1064,その他のロシア料理
小カテゴリ,25-255-740,シュトーレン
小カテゴリ,25-255-736,ザワークラウト
小カテゴリ,25-255-738,バームクーヘン
小カテゴリ,25-255-737,アイスバイン
小カテゴリ,25-255-739,トルテ
小カテゴリ,25-255-741,その他のドイツ料理
小カテゴリ,25-256-733,スパニッシュオムレツ
小カテゴリ,25-256-732,ガスパチョ
小カテゴリ,25-256-734,チュロス
小カテゴリ,25-256-1827,アヒージョ
小カテゴリ,25-256-1828,ピンチョス
小カテゴリ,25-256-735,その他のスペイン料理
小カテゴリ,25-257-716,ケバブ
小カテゴリ,25-257-717,トルコアイス
小カテゴリ,25-257-718,キョフテ
小カテゴリ,25-257-2082,フムス
小カテゴリ,25-257-720,その他のトルコ料理
小カテゴリ,20-258-981,部活のお弁当
小カテゴリ,26-260-1068,ビールに合うおつまみ
小カテゴリ,26-260-1069,ワインに合うおつまみ
小カテゴリ,26-260-1070,日本酒に合うおつまみ
小カテゴリ,26-260-1071,焼酎に合うおつまみ
小カテゴリ,26-260-1072,混ぜるだけでおつまみ
小カテゴリ,26-260-1073,火を使わないでおつまみ
小カテゴリ,26-260-1074,フライパンだけでおつまみ
小カテゴリ,26-261-402,小麦を使わない（小麦アレルギー）
小カテゴリ,26-261-403,卵を使わない（卵アレルギー）
小カテゴリ,26-261-404,蕎麦を使わない（そばアレルギー）
小カテゴリ,26-261-405,牛乳を使わない（牛乳アレルギー）
小カテゴリ,26-261-406,大豆を使わない（大豆アレルギー）
小カテゴリ,26-261-407,ピーナツを使わない（ピーナッツアレルギー）
小カテゴリ,26-261-408,チョコレートを使わない
小カテゴリ,26-261-413,お肉を使わない
小カテゴリ,26-261-414,魚介類を使わない
小カテゴリ,26-261-415,火を使わない料理
小カテゴリ,26-261-416,包丁を使わない料理
小カテゴリ,26-261-1121,ミキサーを使わない料理
小カテゴリ,26-261-417,化学調味料を使わない
小カテゴリ,26-261-418,油を使わない
小カテゴリ,26-261-419,その他○○を使わない（材料）
小カテゴリ,26-261-501,その他○○で作れる（材料）
小カテゴリ,26-261-502,その他○○を使わない（調理器具）
小カテゴリ,26-262-1085,春のおもてなし料理
小カテゴリ,26-262-1086,夏のおもてなし料理
小カテゴリ,26-262-1087,秋のおもてなし料理
小カテゴリ,26-262-1088,冬のおもてなし料理
小カテゴリ,26-262-1076,メイン料理
小カテゴリ,26-262-1077,前菜・サラダ
小カテゴリ,26-262-1078,魚のおもてなし料理
小カテゴリ,26-262-1079,お肉のおもてなし料理
小カテゴリ,26-262-1080,ごはんのおもてなし料理
小カテゴリ,26-262-1081,デザート
小カテゴリ,26-262-1082,おもてなしもう一品
小カテゴリ,26-262-1083,彩鮮やか
小カテゴリ,26-262-1084,前日に作り置き
小カテゴリ,26-262-2059,オードブル
小カテゴリ,26-265-1114,料理のちょいテク・裏技
小カテゴリ,27-266-1585,カプチーノ
小カテゴリ,27-266-275,エスプレッソ
小カテゴリ,27-266-1586,アイスコーヒー
小カテゴリ,27-266-274,カフェオレ
小カテゴリ,27-266-1587,カフェラテ
小カテゴリ,27-266-1588,フラペチーノ
小カテゴリ,27-266-276,フレーバーコーヒー
小カテゴリ,27-266-277,アルコール入りコーヒー
小カテゴリ,27-266-764,ベトナムコーヒー
小カテゴリ,27-266-278,その他のコーヒー
小カテゴリ,27-267-269,緑茶
小カテゴリ,27-267-1959,抹茶
小カテゴリ,27-267-1589,ほうじ茶
小カテゴリ,27-267-1590,玄米茶
小カテゴリ,27-267-270,紅茶
小カテゴリ,27-267-1591,ミルクティー
小カテゴリ,27-267-1592,アールグレイ
小カテゴリ,27-267-1593,ダージリン
小カテゴリ,27-267-1594,アッサム
小カテゴリ,27-267-271,烏龍茶（ウーロン茶）
小カテゴリ,27-267-1595,中国茶
小カテゴリ,27-267-272,健康茶
小カテゴリ,27-267-1596,ジャスミン茶
小カテゴリ,27-267-273,その他のお茶
小カテゴリ,27-268-266,牛乳・乳飲料
小カテゴリ,27-268-265,ココア
小カテゴリ,27-268-260,炭酸飲料
小カテゴリ,27-268-261,スポーツドリンク
小カテゴリ,27-268-262,健康飲料
小カテゴリ,27-268-264,チョコレートドリンク
小カテゴリ,27-268-267,ヨーグルトドリンク
小カテゴリ,27-268-2090,レモネード
小カテゴリ,27-268-2091,ココナッツミルク
小カテゴリ,27-268-268,その他のソフトドリンク
小カテゴリ,27-269-279,ビール
小カテゴリ,27-269-280,焼酎
小カテゴリ,27-269-281,梅酒
小カテゴリ,27-269-1607,甘酒
小カテゴリ,27-269-283,カクテル
小カテゴリ,27-269-1605,モヒート
小カテゴリ,27-269-1606,ジントニック
小カテゴリ,27-269-1608,卵酒
小カテゴリ,27-269-282,健康酒
小カテゴリ,27-269-284,その他のお酒
小カテゴリ,14-271-147,その他のごはん料理
小カテゴリ,16-272-153,その他の麺
小カテゴリ,19-273-302,その他調味料
小カテゴリ,19-274-364,スパイス＆ハーブ
小カテゴリ,10-275-516,牛肉薄切り
小カテゴリ,10-275-1483,牛タン
小カテゴリ,10-275-822,牛かたまり肉・ステーキ用・焼肉用
小カテゴリ,10-275-2134,牛バラ肉
小カテゴリ,10-275-2135,牛小間肉・切り落とし肉
小カテゴリ,10-275-823,その他の牛肉・ビーフ
小カテゴリ,10-276-830,豚バラ肉
小カテゴリ,10-276-1484,豚ヒレ肉
小カテゴリ,10-276-1485,豚ロース
小カテゴリ,10-276-2142,豚肩ロース
小カテゴリ,10-276-2138,豚ロース薄切り
小カテゴリ,10-276-2139,豚ロース厚切り
小カテゴリ,10-276-1486,豚もも肉
小カテゴリ,10-276-1487,豚レバー
小カテゴリ,10-276-517,豚薄切り肉
小カテゴリ,10-276-2014,豚しゃぶ肉
小カテゴリ,10-276-828,豚かたまり肉
小カテゴリ,10-276-829,豚こま切れ肉・切り落とし肉
小カテゴリ,10-276-2013,豚肩ロースブロック・かたまり肉
小カテゴリ,10-276-2140,豚ロースブロック・かたまり肉
小カテゴリ,10-276-2136,豚バラブロック・かたまり肉
小カテゴリ,10-276-2137,豚ヒレブロック・かたまり肉
小カテゴリ,10-276-2141,豚ももブロック・かたまり肉
小カテゴリ,10-276-43,その他の豚肉
小カテゴリ,10-277-519,ささみ
小カテゴリ,10-277-1488,手羽元
小カテゴリ,10-277-520,手羽先
小カテゴリ,10-277-518,鶏もも肉
小カテゴリ,10-277-1119,鶏むね肉
小カテゴリ,10-277-1489,砂肝
小カテゴリ,10-277-1490,鶏レバー
小カテゴリ,10-277-2015,手羽中
小カテゴリ,10-277-834,その他の鶏肉
小カテゴリ,10-278-836,豚ひき肉
小カテゴリ,10-278-838,鶏ひき肉
小カテゴリ,10-278-837,合い挽き肉
小カテゴリ,10-278-835,牛ひき肉
小カテゴリ,10-278-48,その他のひき肉
小カテゴリ,30-300-1130,ハンバーグステーキ
小カテゴリ,30-300-1131,煮込みハンバーグ
小カテゴリ,30-300-1132,和風ハンバーグ
小カテゴリ,30-300-1135,豆腐ハンバーグ
小カテゴリ,30-300-1133,おからハンバーグ
小カテゴリ,30-300-1134,照り焼きハンバーグ
小カテゴリ,30-300-1136,その他のハンバーグ
小カテゴリ,30-301-1138,焼き餃子
小カテゴリ,30-301-1137,水餃子
小カテゴリ,30-301-1139,蒸し餃子
小カテゴリ,30-301-1140,揚げ餃子
小カテゴリ,30-301-1141,スープ餃子
小カテゴリ,30-301-1142,その他の餃子
小カテゴリ,30-301-2172,餃子の皮
小カテゴリ,30-302-1143,肉じゃが
小カテゴリ,30-303-1144,牛丼
小カテゴリ,30-304-1145,親子丼
小カテゴリ,30-305-1146,豚の生姜焼き
小カテゴリ,30-306-1148,マカロニグラタン
小カテゴリ,30-306-1152,チキングラタン
小カテゴリ,30-306-1151,シーフードグラタン
小カテゴリ,30-306-1150,ミートグラタン
小カテゴリ,30-306-1147,ポテトグラタン
小カテゴリ,30-306-1149,かぼちゃのグラタン
小カテゴリ,30-306-1153,和風グラタン
小カテゴリ,30-306-1155,豆腐グラタン
小カテゴリ,30-306-1154,スパグラ（スパゲティーグラタン）
小カテゴリ,30-306-1156,その他のグラタン
小カテゴリ,30-307-1159,チキンカレー
小カテゴリ,30-307-1166,ポークカレー
小カテゴリ,30-307-1165,ビーフカレー
小カテゴリ,30-307-1164,野菜カレー
小カテゴリ,30-307-1157,ドライカレー
小カテゴリ,30-307-1158,キーマカレー
小カテゴリ,30-307-2173,牛すじカレー
小カテゴリ,30-307-1161,シーフードカレー
小カテゴリ,30-307-1160,スープカレー
小カテゴリ,30-307-1162,インドカレー
小カテゴリ,30-307-1163,グリーンカレー
小カテゴリ,30-307-1167,ルウから作るカレー
小カテゴリ,30-307-2174,スパイスカレー
小カテゴリ,30-307-1168,その他のカレー
小カテゴリ,30-308-1169,ビーフシチュー
小カテゴリ,30-308-1170,クリームシチュー
小カテゴリ,30-308-1171,タンシチュー
小カテゴリ,30-308-1172,その他のシチュー
小カテゴリ,30-309-1173,鶏のから揚げ
小カテゴリ,30-309-1174,カレイの唐揚げ
小カテゴリ,30-309-1175,たこの唐揚げ
小カテゴリ,30-309-1176,手羽先の唐揚げ
小カテゴリ,30-309-1177,その他のから揚げ
小カテゴリ,30-310-1181,ポテトコロッケ
小カテゴリ,30-310-1179,クリームコロッケ
小カテゴリ,30-310-1178,かぼちゃコロッケ
小カテゴリ,30-310-1184,さつまいもコロッケ
小カテゴリ,30-310-1183,里芋コロッケ
小カテゴリ,30-310-1182,おからコロッケ
小カテゴリ,30-310-1185,カレーコロッケ
小カテゴリ,30-310-1180,ライスコロッケ
小カテゴリ,30-310-1186,その他のコロッケ
小カテゴリ,30-311-1187,かぼちゃの煮物
小カテゴリ,30-311-1188,大根の煮物
小カテゴリ,30-311-1204,なすの煮びたし
小カテゴリ,30-311-1189,ひじきの煮物
小カテゴリ,30-311-2176,切り干し大根の煮物
小カテゴリ,30-311-1190,里芋の煮物
小カテゴリ,30-311-1191,厚揚げの煮物
小カテゴリ,30-311-1192,きんぴらごぼう
小カテゴリ,30-311-1193,ふろふき大根
小カテゴリ,30-311-1991,豚バラ大根
小カテゴリ,30-311-1194,ふきの煮物
小カテゴリ,30-311-1197,冬瓜の煮物
小カテゴリ,30-311-1195,たけのこの煮物
小カテゴリ,30-311-2177,さつまいも甘煮・レモン煮・煮物
小カテゴリ,30-311-2105,こんにゃくの煮物
小カテゴリ,30-311-2106,ピリ辛こんにゃく
小カテゴリ,30-311-1207,イカと大根の煮物
小カテゴリ,30-311-1203,うま煮
小カテゴリ,30-311-1208,牛肉のしぐれ煮
小カテゴリ,30-311-1196,レンコンのきんぴら
小カテゴリ,30-311-1205,小松菜の煮びたし
小カテゴリ,30-311-1206,白菜のクリーム煮
小カテゴリ,30-311-1202,さんまの甘露煮
小カテゴリ,30-311-1199,鮎の甘露煮
小カテゴリ,30-311-1200,梅の甘露煮
小カテゴリ,30-311-1201,栗の甘露煮
小カテゴリ,30-311-1198,金柑の甘露煮
小カテゴリ,30-311-1209,その他の煮物
小カテゴリ,30-312-1214,豚キムチ
小カテゴリ,30-312-1210,レバニラ炒め
小カテゴリ,30-312-1211,肉野菜炒め
小カテゴリ,30-312-1212,なすの味噌炒め
小カテゴリ,30-312-1213,もやし炒め
小カテゴリ,30-312-1215,その他の野菜炒め
小カテゴリ,30-312-2107,ガーリックシュリンプ
小カテゴリ,30-313-1216,天ぷら
小カテゴリ,30-314-1217,かき揚げ
小カテゴリ,30-314-1224,エビフライ
小カテゴリ,30-314-1218,メンチカツ
小カテゴリ,30-314-1219,チキンカツ
小カテゴリ,30-314-1220,カツレツ
小カテゴリ,30-314-1221,串カツ
小カテゴリ,30-314-1222,竜田揚げ
小カテゴリ,30-314-1223,フライ
小カテゴリ,30-314-1225,アジフライ
小カテゴリ,30-314-1226,フライドチキン
小カテゴリ,30-314-1227,チキンナゲット
小カテゴリ,30-314-1228,その他の揚げ物
小カテゴリ,30-314-2108,とり天
小カテゴリ,30-315-1229,豆腐ステーキ
小カテゴリ,30-315-1230,揚げ出し豆腐
小カテゴリ,30-315-1231,炒り豆腐
小カテゴリ,30-315-1232,冷奴
小カテゴリ,30-315-1233,肉豆腐
小カテゴリ,30-315-2109,卯の花
小カテゴリ,30-315-2110,豆腐あんかけ
小カテゴリ,30-315-2111,豆腐チャンプルー
小カテゴリ,30-315-2112,豆腐丼
小カテゴリ,30-316-1239,白和え
小カテゴリ,30-316-1234,ほうれん草の胡麻和え
小カテゴリ,30-316-1235,ほうれん草のおひたし
小カテゴリ,30-316-1236,菜の花のおひたし
小カテゴリ,30-316-1237,菜の花のからしあえ
小カテゴリ,30-316-1238,小松菜のおひたし
小カテゴリ,30-316-1240,その他の和え物
小カテゴリ,30-317-1241,わかめの酢の物
小カテゴリ,30-317-1242,きゅうりの酢の物
小カテゴリ,30-317-1243,その他の酢の物
小カテゴリ,31-318-1244,ローストビーフ
小カテゴリ,31-319-1245,豚の角煮
小カテゴリ,31-320-1246,チキン南蛮
小カテゴリ,31-321-1247,ピーマンの肉詰め
小カテゴリ,31-322-1248,ステーキ
小カテゴリ,31-323-2127,巻かないロールキャベツ
小カテゴリ,31-323-1249,ロールキャベツ全般
小カテゴリ,31-324-1250,スペアリブ
小カテゴリ,31-325-1251,ローストチキン
小カテゴリ,31-326-1252,もつ煮込み
小カテゴリ,31-327-1253,ミートボール・肉団子
小カテゴリ,31-328-1254,ミートローフ
小カテゴリ,31-329-1255,牛すじ煮込み
小カテゴリ,31-330-1256,とんかつ
小カテゴリ,31-331-1257,ポークソテー
小カテゴリ,31-332-1258,つくね
小カテゴリ,31-333-1259,チャーシュー（焼き豚）
小カテゴリ,31-334-1260,煮豚
小カテゴリ,31-335-1261,鶏肉のトマト煮
小カテゴリ,31-335-1262,鶏肉のクリーム煮
小カテゴリ,31-335-1263,鶏肉のさっぱり煮
小カテゴリ,31-335-1264,照り焼きチキン
小カテゴリ,31-335-1265,チキンソテー
小カテゴリ,31-335-1266,鶏そぼろ
小カテゴリ,31-335-1267,蒸し鶏
小カテゴリ,31-335-1268,焼き鳥
小カテゴリ,31-335-1269,その他の鶏肉料理
小カテゴリ,32-336-1270,ぶり大根
小カテゴリ,32-337-1271,ぶりの照り焼き
小カテゴリ,32-338-1272,さばの味噌煮
小カテゴリ,32-339-1273,金目鯛の煮付け
小カテゴリ,32-339-1274,カレイの煮付け
小カテゴリ,32-339-1275,さばの煮付け
小カテゴリ,32-339-1276,メバルの煮付け
小カテゴリ,32-339-1277,その他の煮魚
小カテゴリ,32-340-1278,あさりの酒蒸し
小カテゴリ,32-341-1279,鮭のムニエル
小カテゴリ,32-342-1280,鯵の南蛮漬け
小カテゴリ,32-342-1281,鮭の南蛮漬け
小カテゴリ,32-342-1282,その他の南蛮漬け
小カテゴリ,32-343-1285,焼き魚
小カテゴリ,32-344-1286,鮭のホイル焼き
小カテゴリ,32-345-1287,いわしのつみれ
小カテゴリ,32-346-1288,かつおのたたき
小カテゴリ,32-347-1289,いわしの梅煮
小カテゴリ,32-348-1290,かぶら蒸し
小カテゴリ,32-349-1291,その他の魚料理
小カテゴリ,33-350-1292,ゆで卵
小カテゴリ,33-351-1293,温泉卵
小カテゴリ,33-352-1294,半熟卵
小カテゴリ,33-353-1295,だし巻き卵・卵焼き
小カテゴリ,33-354-1296,茶碗蒸し
小カテゴリ,33-355-1297,キッシュ
小カテゴリ,33-356-1298,オムレツ
小カテゴリ,33-357-1299,かに玉
小カテゴリ,33-358-1300,スクランブルエッグ
小カテゴリ,33-359-1301,煮卵
小カテゴリ,33-360-1302,目玉焼き
小カテゴリ,33-361-1303,ニラ玉
小カテゴリ,33-362-1304,ポーチドエッグ
小カテゴリ,33-363-1305,スコッチエッグ
小カテゴリ,33-364-1306,卵とじ
小カテゴリ,33-365-1307,薄焼き卵
小カテゴリ,33-366-1308,炒り卵
小カテゴリ,33-367-1309,その他の卵料理
小カテゴリ,14-368-1312,ハッシュドビーフ
小カテゴリ,15-369-1949,ジェノベーゼ
小カテゴリ,15-382-1331,ラビオリ
小カテゴリ,16-383-1347,冷やし中華
小カテゴリ,16-384-1348,つけ麺
小カテゴリ,16-385-1349,広島風お好み焼き
小カテゴリ,16-385-1350,モダン焼き
小カテゴリ,16-385-1351,ねぎ焼き
小カテゴリ,16-385-1352,その他のお好み焼
小カテゴリ,16-385-1353,もんじゃ焼き
小カテゴリ,16-386-1354,たこ焼き
小カテゴリ,17-387-1359,けんちん汁
小カテゴリ,17-388-1365,かぼちゃスープ
小カテゴリ,17-389-1366,チャウダー・クラムチャウダー
小カテゴリ,17-390-1371,ポトフ
小カテゴリ,23-391-1372,おでん
小カテゴリ,23-392-1373,すき焼き
小カテゴリ,23-393-1374,もつ鍋
小カテゴリ,23-394-1375,しゃぶしゃぶ
小カテゴリ,23-395-1376,キムチ鍋
小カテゴリ,23-396-1377,湯豆腐
小カテゴリ,23-397-1378,豆乳鍋
小カテゴリ,23-398-1379,ちゃんこ鍋
小カテゴリ,23-399-1380,寄せ鍋
小カテゴリ,23-400-1381,水炊き
小カテゴリ,23-401-1382,トマト鍋
小カテゴリ,23-402-1383,あんこう鍋
小カテゴリ,23-403-1384,石狩鍋
小カテゴリ,23-404-1385,カレー鍋
小カテゴリ,23-405-1386,きりたんぽ鍋
小カテゴリ,23-406-1387,韓国鍋・キムチチゲ鍋
小カテゴリ,23-407-1388,雪見鍋（みぞれ鍋）
小カテゴリ,23-408-1389,蒸し鍋
小カテゴリ,23-409-1390,ねぎま鍋
小カテゴリ,23-410-1391,鴨鍋
小カテゴリ,23-411-1392,カニ鍋
小カテゴリ,23-412-1393,火鍋
小カテゴリ,23-413-1394,牡蠣鍋
小カテゴリ,18-415-1395,ポテトサラダ
小カテゴリ,18-416-1396,春雨サラダ
小カテゴリ,18-417-1397,大根サラダ
小カテゴリ,18-418-1398,コールスロー
小カテゴリ,18-419-1399,かぼちゃサラダ
小カテゴリ,18-420-1400,ごぼうサラダ
小カテゴリ,18-421-1401,マカロニサラダ
小カテゴリ,18-423-1403,コブサラダ
小カテゴリ,18-424-1404,タラモサラダ
小カテゴリ,22-432-2166,卵サンド
小カテゴリ,22-432-2168,ツナサンド
小カテゴリ,22-432-2167,フルーツサンド
小カテゴリ,22-432-2169,ラップサンド
小カテゴリ,22-432-2170,オープンサンド
小カテゴリ,22-432-1428,サンドイッチ全般
小カテゴリ,22-433-1429,フレンチトースト
小カテゴリ,22-434-1430,食パン
小カテゴリ,22-435-1431,蒸しパン
小カテゴリ,22-436-1432,ホットサンド
小カテゴリ,22-437-1441,キャラパン
小カテゴリ,21-438-1447,シフォンケーキ
小カテゴリ,21-439-1448,パウンドケーキ
小カテゴリ,21-440-1456,スイートポテト
小カテゴリ,21-441-1463,寒天
小カテゴリ,21-441-1464,ゼリー
小カテゴリ,21-441-1465,コーヒーゼリー
小カテゴリ,21-441-1466,フルーツゼリー
小カテゴリ,21-441-1467,ムース・ババロア
小カテゴリ,21-442-1468,アイスクリーム
小カテゴリ,21-442-1469,ジェラート
小カテゴリ,21-442-1470,シャーベット
小カテゴリ,11-443-1496,たら
小カテゴリ,11-444-1508,牡蠣
小カテゴリ,11-445-1510,明太子
小カテゴリ,11-445-1511,たらこ
小カテゴリ,11-445-1512,いくら・筋子
小カテゴリ,11-446-1513,ちりめんじゃこ
小カテゴリ,11-446-1514,なまこ
小カテゴリ,11-446-1515,うに
小カテゴリ,11-446-1516,白子
小カテゴリ,11-446-1517,くらげ
小カテゴリ,12-447-1518,なす全般
小カテゴリ,12-447-2042,白なす
小カテゴリ,12-447-2043,丸なす
小カテゴリ,12-447-2044,水なす
小カテゴリ,12-447-2045,米なす
小カテゴリ,12-447-2046,賀茂なす
小カテゴリ,12-448-1519,かぼちゃ
小カテゴリ,12-449-1520,大根
小カテゴリ,12-450-1521,きゅうり
小カテゴリ,12-451-1522,アボカド
小カテゴリ,12-452-1523,さつまいも
小カテゴリ,12-453-1524,白菜
小カテゴリ,12-454-1525,トマト全般
小カテゴリ,12-454-2047,プチトマト
小カテゴリ,12-454-2048,ドライトマト
小カテゴリ,12-454-2049,フルーツトマト
小カテゴリ,12-455-1526,ごぼう
小カテゴリ,12-456-1527,小松菜
小カテゴリ,12-457-1528,ほうれん草
小カテゴリ,12-458-1529,ブロッコリー
小カテゴリ,34-459-1549,ゆず
小カテゴリ,34-460-1550,柿
小カテゴリ,34-461-1551,レモン
小カテゴリ,34-462-1552,ブルーベリー
小カテゴリ,19-463-1583,柚子胡椒
小カテゴリ,19-464-1584,オリーブオイル
小カテゴリ,27-465-1597,グリーンスムージー
小カテゴリ,27-465-1598,野菜ジュース
小カテゴリ,27-465-1601,梅ジュース
小カテゴリ,27-465-1602,梅シロップ
小カテゴリ,27-465-1603,ジンジャーシロップ
小カテゴリ,27-465-1599,シェーク・ミックスジュース
小カテゴリ,27-465-1600,フルーツジュース
小カテゴリ,27-465-1604,酵素ジュース
小カテゴリ,35-466-1609,おから
小カテゴリ,35-467-1610,厚揚げ
小カテゴリ,35-468-1611,納豆
小カテゴリ,35-469-1612,高野豆腐
小カテゴリ,35-470-1613,豆乳
小カテゴリ,35-471-1614,木綿豆腐
小カテゴリ,35-472-1615,絹ごし豆腐
小カテゴリ,35-473-1616,油揚げ
小カテゴリ,35-474-1617,大豆ミート
小カテゴリ,35-475-1618,塩豆腐
小カテゴリ,35-476-1619,その他の大豆・豆腐
小カテゴリ,35-477-1620,大豆
小カテゴリ,35-477-1621,ひよこ豆
小カテゴリ,35-477-1622,金時豆
小カテゴリ,35-477-1623,レンズ豆
小カテゴリ,35-477-1624,ミックスビーンズ
小カテゴリ,35-477-1625,その他の豆
小カテゴリ,13-478-1626,もち米
小カテゴリ,13-479-1627,マカロニ・ペンネ
小カテゴリ,13-480-1628,ホットケーキミックス
小カテゴリ,13-481-1629,米粉
小カテゴリ,13-481-1630,きなこ
小カテゴリ,13-481-1631,そば粉
小カテゴリ,13-481-1632,小麦粉
小カテゴリ,13-481-1633,葛粉
小カテゴリ,13-481-2066,片栗粉
小カテゴリ,13-481-2067,上新粉
小カテゴリ,13-481-1634,その他の粉物
小カテゴリ,13-482-1641,クリームチーズ
小カテゴリ,13-482-1642,モッツァレラチーズ
小カテゴリ,13-482-1643,カマンベールチーズ
小カテゴリ,13-482-1644,マスカルポーネ
小カテゴリ,13-482-1645,カッテージチーズ
小カテゴリ,13-482-1646,その他の乳製品
小カテゴリ,13-483-1647,ヨーグルト
小カテゴリ,13-484-1660,梅干し
小カテゴリ,13-484-1655,きゅうりの漬物
小カテゴリ,13-484-1656,浅漬け
小カテゴリ,13-484-1657,塩漬け
小カテゴリ,13-484-1658,ぬかづけ（糠漬け）
小カテゴリ,13-484-1659,しば漬け（柴漬け）
小カテゴリ,13-484-1661,福神漬け
小カテゴリ,13-484-1662,たまり漬け
小カテゴリ,13-484-2000,ピクルス
小カテゴリ,13-484-2068,たくあん
小カテゴリ,13-484-1663,その他の漬物
小カテゴリ,20-485-1664,キャラ弁
小カテゴリ,20-486-1665,運動会のお弁当
小カテゴリ,20-487-1666,お花見のお弁当
小カテゴリ,20-488-1667,遠足・ピクニックのお弁当
小カテゴリ,36-489-1668,簡単お菓子
小カテゴリ,36-490-1669,簡単夕食
小カテゴリ,36-491-1670,簡単おつまみ
小カテゴリ,36-492-1671,簡単おもてなし料理
小カテゴリ,36-493-1672,簡単鶏肉料理
小カテゴリ,36-494-1673,簡単豚肉料理
小カテゴリ,36-495-1674,簡単魚料理
小カテゴリ,36-496-1675,5分以内の簡単料理
小カテゴリ,36-497-1676,男の簡単料理
小カテゴリ,37-498-1677,100円以下の節約料理
小カテゴリ,37-499-1678,300円前後の節約料理
小カテゴリ,37-500-1679,500円前後の節約料理
小カテゴリ,38-501-1680,朝食の献立（朝ごはん）
小カテゴリ,38-502-1681,昼食の献立（昼ごはん）
小カテゴリ,38-503-1682,夕食の献立（晩御飯）
小カテゴリ,39-504-1683,低カロリーおかず
小カテゴリ,39-504-1684,低カロリー主食
小カテゴリ,39-504-1685,低カロリーお菓子
小カテゴリ,39-505-1686,食物繊維の多い食品の料理
小カテゴリ,39-505-1687,カルシウムの多い食品の料理
小カテゴリ,39-505-1688,鉄分の多い食べ物
小カテゴリ,39-505-1689,ビタミンの多い食品の料理
小カテゴリ,39-505-1690,その他のヘルシー食材
小カテゴリ,39-505-2004,ヘルシーワンプレート
小カテゴリ,39-506-1691,マクロビオティック
小カテゴリ,39-507-1692,ベジタリアン
小カテゴリ,39-508-1693,お疲れ気味の方
小カテゴリ,39-509-1694,鉄分の多いレシピ
小カテゴリ,39-509-1695,葉酸の多いレシピ
小カテゴリ,39-509-1696,カルシウムの多いレシピ
小カテゴリ,39-509-1697,食物繊維の多いレシピ
小カテゴリ,39-509-1698,ビタミンCの多いレシピ
小カテゴリ,39-510-1699,離乳食初期（5～6ヶ月）
小カテゴリ,39-510-1700,離乳食中期（7～8ヶ月）
小カテゴリ,39-510-1701,離乳食後期（9～11ヶ月）
小カテゴリ,39-510-1702,離乳食完了期（12ヶ月以降）
小カテゴリ,39-511-1703,幼児食(1歳半頃～2歳頃)
小カテゴリ,39-511-1704,幼児食(3歳頃～6歳頃)
小カテゴリ,40-512-1705,圧力鍋で作るごはん・パスタ
小カテゴリ,40-512-1706,圧力鍋で作るカレー
小カテゴリ,40-512-1707,圧力鍋で作る豚の角煮
小カテゴリ,40-512-1708,圧力鍋で作るスペアリブ
小カテゴリ,40-512-1709,圧力鍋で作るその他の肉のおかず
小カテゴリ,40-512-1710,圧力鍋で作る野菜のおかず
小カテゴリ,40-512-1711,圧力鍋で作る魚介のおかず
小カテゴリ,40-512-1712,圧力鍋で作るスープ
小カテゴリ,40-512-1713,圧力鍋で作るスイーツ
小カテゴリ,40-512-1714,その他の圧力鍋で作る料理
小カテゴリ,40-513-1715,ホームベーカリーにおまかせ
小カテゴリ,40-513-1716,ホームベーカリー使いこなし
小カテゴリ,40-514-1717,シリコンスチーマーで作るごはん・パスタ
小カテゴリ,40-514-1718,シリコンスチーマーで作る肉のおかず
小カテゴリ,40-514-1719,シリコンスチーマーで作る野菜のおかず
小カテゴリ,40-514-1720,シリコンスチーマーで作る魚介のおかず
小カテゴリ,40-514-1721,シリコンスチーマーで作るスープ
小カテゴリ,40-514-1722,シリコンスチーマーで作るスイーツ
小カテゴリ,40-514-1723,その他のシリコンスチーマーで作る料理
小カテゴリ,40-515-1724,タジン鍋
小カテゴリ,40-516-1725,炊飯器で作るケーキ
小カテゴリ,40-516-1726,炊飯器で作るチーズケーキ
小カテゴリ,40-516-1727,炊飯器で作るピラフ
小カテゴリ,40-516-1728,炊飯器で作るホットケーキミックス
小カテゴリ,40-516-2080,炊飯器で作る豚の角煮
小カテゴリ,40-516-1729,その他の炊飯器で作る料理
小カテゴリ,40-517-1730,スープジャー
小カテゴリ,40-518-1731,ホットプレートで作るパエリア
小カテゴリ,40-518-1732,その他のホットプレートで作る料理
小カテゴリ,40-519-1733,電子レンジで作るとうもろこし
小カテゴリ,40-519-1734,電子レンジで作る温泉卵
小カテゴリ,40-519-1735,電子レンジで作る茶碗蒸し
小カテゴリ,40-519-1736,電子レンジで作る焼き芋・さつまいも
小カテゴリ,40-519-1737,電子レンジで作る焼き魚
小カテゴリ,40-519-1738,電子レンジで作るじゃがバター
小カテゴリ,40-519-1739,その他の電子レンジで作る料理
小カテゴリ,40-520-1740,無水鍋
小カテゴリ,40-521-1741,ホーロー鍋で作るごはん・パスタ
小カテゴリ,40-521-1742,ホーロー鍋で作る肉のおかず
小カテゴリ,40-521-1743,ホーロー鍋で作る野菜のおかず
小カテゴリ,40-521-1744,ホーロー鍋で作る魚介のおかず
小カテゴリ,40-521-1745,ホーロー鍋で作るスープ
小カテゴリ,40-521-1746,ホーロー鍋で作るスイーツ
小カテゴリ,40-521-1747,その他のホーロー鍋で作る料理
小カテゴリ,40-522-1748,ミキサー
小カテゴリ,40-523-1749,中華鍋
小カテゴリ,40-524-1750,フライパン一つでできる
小カテゴリ,40-525-1751,vitamix(バイタミックス)
小カテゴリ,40-525-1752,バーミックス
小カテゴリ,40-525-1753,クイジナート
小カテゴリ,40-525-1754,ルクエ
小カテゴリ,40-525-1755,ル・クルーゼ
小カテゴリ,40-525-1756,ストウブ
小カテゴリ,40-525-1757,活力鍋
小カテゴリ,40-525-1758,ビタントニオ
小カテゴリ,40-526-1759,その他の調理器具
小カテゴリ,41-531-1760,酢豚
小カテゴリ,41-532-1761,チンジャオロース
小カテゴリ,41-533-1762,八宝菜
小カテゴリ,41-534-1763,マーボー豆腐（麻婆豆腐）
小カテゴリ,41-535-1764,エビチリ
小カテゴリ,41-536-1765,エビマヨ
小カテゴリ,41-537-1766,ホイコーロー（回鍋肉）
小カテゴリ,41-538-1767,ジャージャー麺
小カテゴリ,41-539-1768,バンバンジー
小カテゴリ,41-540-1769,杏仁豆腐
小カテゴリ,41-541-1770,坦々麺
小カテゴリ,41-542-1771,油淋鶏
小カテゴリ,41-543-1772,ビーフン
小カテゴリ,41-544-1773,ちまき（中華ちまき）
小カテゴリ,41-545-1774,サンラータン（酸辣湯）
小カテゴリ,41-546-1775,春巻き
小カテゴリ,41-547-1776,肉まん
小カテゴリ,41-548-1777,焼売（シュウマイ）
小カテゴリ,41-549-1778,その他の中華料理
小カテゴリ,42-550-1779,チャプチェ
小カテゴリ,42-551-1780,チヂミ
小カテゴリ,42-552-1781,ビビンバ
小カテゴリ,42-553-1782,もやしナムル
小カテゴリ,42-553-2086,ほうれん草のナムル
小カテゴリ,42-553-1783,その他のナムル
小カテゴリ,42-554-1784,キムチ
小カテゴリ,42-555-1785,プルコギ
小カテゴリ,42-556-1786,チョレギサラダ
小カテゴリ,42-557-1787,冷麺
小カテゴリ,42-558-1788,サムゲタン
小カテゴリ,42-559-1789,サムギョプサル
小カテゴリ,42-560-1790,クッパ
小カテゴリ,42-561-1791,タッカルビ
小カテゴリ,42-562-1792,カムジャタン
小カテゴリ,42-563-1793,トッポギ
小カテゴリ,42-564-1794,ケジャン
小カテゴリ,42-565-1795,スンドゥブ
小カテゴリ,42-566-1796,テンジャンチゲ
小カテゴリ,42-567-1797,その他のチゲ
小カテゴリ,42-568-1798,その他の韓国料理
小カテゴリ,43-569-1799,ピザ
小カテゴリ,43-570-1800,ミネストローネ
小カテゴリ,43-571-1801,バーニャカウダ
小カテゴリ,43-572-1802,アクアパッツァ
小カテゴリ,43-573-1803,ピカタ
小カテゴリ,43-574-1804,ブルスケッタ
小カテゴリ,43-575-1805,パニーノ・パニーニ
小カテゴリ,43-576-1806,カルツォーネ
小カテゴリ,43-577-1807,サーモンカルパッチョ
小カテゴリ,43-577-1808,鯛のカルパッチョ
小カテゴリ,43-577-1809,タコのカルパッチョ
小カテゴリ,43-577-1810,その他のカルパッチョ
小カテゴリ,43-578-1811,リゾット
小カテゴリ,43-579-1812,カプレーゼ
小カテゴリ,43-580-1813,パンナコッタ
小カテゴリ,43-581-1814,ティラミス
小カテゴリ,43-582-1815,その他のイタリア料理
小カテゴリ,44-583-1816,ラタトゥイユ
小カテゴリ,44-584-1817,チーズフォンデュ
小カテゴリ,44-585-1818,テリーヌ
小カテゴリ,44-586-1819,ブイヤベース
小カテゴリ,44-587-1820,ムニエル
小カテゴリ,44-588-1821,ビスク
小カテゴリ,44-589-1822,サーモンのマリネ
小カテゴリ,44-589-1823,タコのマリネ
小カテゴリ,44-589-1824,その他のマリネ
小カテゴリ,44-590-1825,ガレット
小カテゴリ,44-591-1826,その他のフランス料理
小カテゴリ,46-596-1829,トムヤムクン
小カテゴリ,46-596-2100,カオマンガイ
小カテゴリ,46-596-1830,タイカレー
小カテゴリ,46-596-1831,パッタイ
小カテゴリ,46-596-1832,タイスキ
小カテゴリ,46-596-1833,サテ
小カテゴリ,46-596-1834,ヤムウンセン
小カテゴリ,46-596-1835,その他のタイ料理
小カテゴリ,46-597-1836,タンドリーチキン
小カテゴリ,46-597-1837,ナン
小カテゴリ,46-597-1838,ラッシー
小カテゴリ,46-597-1839,サモサ
小カテゴリ,46-597-1840,チャイ
小カテゴリ,46-597-1841,チャパティ
小カテゴリ,46-597-1842,シークカバブ
小カテゴリ,46-597-1843,ビリヤニ
小カテゴリ,46-597-1844,ラッサム
小カテゴリ,46-597-1845,ドーサ
小カテゴリ,46-597-1846,その他のインド料理
小カテゴリ,46-598-1847,生春巻き
小カテゴリ,46-598-1848,フォー
小カテゴリ,46-598-2101,バインミー
小カテゴリ,46-598-1849,その他のベトナム料理
小カテゴリ,46-599-1850,タコス
小カテゴリ,46-599-1851,チリコンカン
小カテゴリ,46-599-1852,トルティーヤ
小カテゴリ,46-599-1853,ブリート・ブリトー
小カテゴリ,46-599-1854,ワカモレ
小カテゴリ,46-599-1855,サルサ
小カテゴリ,46-599-1856,ナチョス
小カテゴリ,46-599-1857,エンチラーダ
小カテゴリ,46-599-1858,ケサディーヤ・ケサディージャ
小カテゴリ,46-599-1859,その他のメキシコ料理
小カテゴリ,47-600-1860,ソーキそば・沖縄そば
小カテゴリ,47-601-1861,海ぶどう
小カテゴリ,47-602-1862,ゴーヤチャンプル
小カテゴリ,47-603-1863,そうめんチャンプルー
小カテゴリ,47-604-1864,ラフテー
小カテゴリ,47-605-1865,ミミガー
小カテゴリ,47-606-1866,ジューシー
小カテゴリ,47-607-1867,サーターアンダーギー
小カテゴリ,47-608-1868,ヒラヤーチー
小カテゴリ,47-609-1869,コーレーグス・島唐辛子
小カテゴリ,47-610-1870,その他の沖縄料理
小カテゴリ,48-611-1871,ジンギスカン
小カテゴリ,48-612-1872,ちゃんちゃん焼き
小カテゴリ,48-613-1873,筑前煮
小カテゴリ,48-614-1874,すいとん
小カテゴリ,48-615-1875,ほうとう
小カテゴリ,48-616-1876,ひつまぶし
小カテゴリ,48-617-1877,ちゃんぽん
小カテゴリ,48-618-1878,明石焼き
小カテゴリ,48-619-1879,いかめし
小カテゴリ,48-620-1880,せんべい汁
小カテゴリ,48-621-1881,皿うどん
小カテゴリ,48-622-1882,きりたんぽ
小カテゴリ,48-623-1883,のっぺい汁
小カテゴリ,48-624-1884,治部煮
小カテゴリ,48-625-1885,いちご煮
小カテゴリ,48-626-1886,三升漬け
小カテゴリ,48-627-1887,三平汁
小カテゴリ,48-628-1888,じゃっぱ汁
小カテゴリ,48-629-1889,辛子蓮根
小カテゴリ,48-630-1890,その他の郷土料理
小カテゴリ,24-631-1891,お食い初め料理
小カテゴリ,24-632-1892,誕生日の料理
小カテゴリ,24-633-1893,結婚記念日
小カテゴリ,24-634-1894,パーティー料理・ホームパーティ
小カテゴリ,24-635-1895,子どものパーティ
小カテゴリ,49-636-1897,きんとん（栗きんとん）
小カテゴリ,49-637-1898,お雑煮
小カテゴリ,49-638-1899,錦玉子・伊達巻
小カテゴリ,49-639-1900,なます
小カテゴリ,49-640-1901,黒豆
小カテゴリ,49-641-1902,数の子
小カテゴリ,49-642-1903,田作り
小カテゴリ,49-643-1904,煮しめ
小カテゴリ,49-644-1905,たたきごぼう
小カテゴリ,49-645-1906,昆布巻き
小カテゴリ,49-646-1907,酢れんこん
小カテゴリ,49-648-1909,おせちの海老料理
小カテゴリ,49-649-1910,八幡巻き
小カテゴリ,49-650-1911,簡単おせち料理
小カテゴリ,49-651-1912,その他のおせち料理
小カテゴリ,50-652-1913,クリスマスケーキ
小カテゴリ,50-653-1914,クリスマスオードブル
小カテゴリ,50-654-1915,クリスマスチキン
小カテゴリ,50-655-1916,クリスマスサラダ
小カテゴリ,50-656-1917,クリスマス向けアレンジ
小カテゴリ,51-657-1918,ひな祭りケーキ
小カテゴリ,51-658-1919,ひな祭りちらしずし
小カテゴリ,51-659-1920,ひな祭り向けアレンジ
小カテゴリ,52-660-1921,ホワイトデーのお菓子
小カテゴリ,52-660-1922,ホワイトデーのチョコ
小カテゴリ,52-660-1923,ホワイトデーのクッキー
小カテゴリ,52-660-1924,ホワイトデー向けアレンジ
小カテゴリ,52-661-1929,お花見・春の行楽
小カテゴリ,52-662-1930,こどもの日
小カテゴリ,52-663-1925,母の日のケーキ
小カテゴリ,52-663-1926,母の日のお菓子
小カテゴリ,52-663-1927,母の日の料理
小カテゴリ,52-663-1928,母の日向けアレンジ
小カテゴリ,53-664-1931,父の日
小カテゴリ,53-665-1932,夏バテ対策
小カテゴリ,53-666-1933,お祭り
小カテゴリ,53-667-1934,十五夜・お月見
小カテゴリ,54-668-1935,ハロウィンのお菓子
小カテゴリ,54-668-1936,ハロウィン向けアレンジ
小カテゴリ,54-669-1937,秋の行楽・紅葉
小カテゴリ,54-670-1938,七五三の料理
小カテゴリ,55-671-1939,節分
小カテゴリ,55-672-1940,恵方巻き
小カテゴリ,55-673-1941,ななくさ（七草粥）
小カテゴリ,55-674-1942,バレンタインのケーキ
小カテゴリ,55-674-1943,バレンタインチョコ
小カテゴリ,55-674-1944,バレンタインの焼き菓子
小カテゴリ,55-674-1945,バレンタイン向けアレンジ
小カテゴリ,19-675-1566,塩麹
小カテゴリ,19-675-1567,醤油麹
小カテゴリ,19-675-1999,塩レモン
小カテゴリ,19-675-1580,にんにく醤油
小カテゴリ,19-675-1581,酒粕
小カテゴリ,19-675-1569,肉味噌
小カテゴリ,19-675-1568,味噌
小カテゴリ,19-675-1570,酢味噌
小カテゴリ,19-675-1571,酢
小カテゴリ,19-675-1572,バルサミコ酢
小カテゴリ,19-675-1573,黒酢
小カテゴリ,19-675-1574,すし酢
小カテゴリ,19-675-1575,梅酢
小カテゴリ,19-675-1576,ポン酢
小カテゴリ,19-675-1577,三杯酢
小カテゴリ,19-675-1578,カレー粉
小カテゴリ,19-675-1579,しょうゆ
小カテゴリ,19-675-2070,田楽味噌
小カテゴリ,19-675-1582,その他の発酵食品・発酵調味料
小カテゴリ,15-676-1947,ナポリタン
小カテゴリ,15-677-1950,ペスカトーレ
小カテゴリ,15-678-1953,アラビアータ
小カテゴリ,15-679-1954,トマトクリームパスタ
小カテゴリ,15-680-1958,トマト系パスタ
小カテゴリ,15-681-1948,ペペロンチーノ
小カテゴリ,15-682-1952,ボンゴレ
小カテゴリ,15-683-1951,たらこパスタ・明太子パスタ
小カテゴリ,15-684-1955,納豆パスタ
小カテゴリ,15-685-1956,きのこパスタ
小カテゴリ,15-686-1957,ツナパスタ
小カテゴリ,15-687-1946,カルボナーラ
小カテゴリ,34-688-1961,りんご
小カテゴリ,34-689-1981,栗
小カテゴリ,34-689-1982,梨
小カテゴリ,34-689-1983,ぶどう
小カテゴリ,34-689-1984,洋梨・ラフランス
小カテゴリ,34-689-1985,ザクロ
小カテゴリ,34-690-1963,グレープフルーツ
小カテゴリ,34-691-1964,キウイ
小カテゴリ,34-692-1965,いちご
小カテゴリ,34-692-1966,デコポン
小カテゴリ,34-693-1967,梅
小カテゴリ,34-693-1968,すだち
小カテゴリ,34-693-1969,ピーナツ（落花生）
小カテゴリ,34-693-1970,桃
小カテゴリ,34-693-1971,プルーン
小カテゴリ,34-693-1972,あんず
小カテゴリ,34-693-1973,夏みかん
小カテゴリ,34-693-1974,チェリー（さくらんぼ）
小カテゴリ,34-693-1975,びわ
小カテゴリ,34-693-1976,スイカ
小カテゴリ,34-693-1977,メロン
小カテゴリ,34-693-1978,イチジク
小カテゴリ,34-693-1979,パイナップル
小カテゴリ,34-693-1980,マンゴー
小カテゴリ,34-695-1986,きんかん
小カテゴリ,34-695-1987,みかん
小カテゴリ,34-695-1988,はっさく
小カテゴリ,34-695-1989,いよかん
小カテゴリ,34-696-1990,その他の果物
小カテゴリ,34-697-1962,バナナ
小カテゴリ,23-698-1992,白味噌鍋
小カテゴリ,39-699-1995,糖質制限・低糖質
小カテゴリ,19-700-1994,ココナッツオイル
小カテゴリ,25-701-1996,シェパーズパイ
小カテゴリ,25-701-1997,ショートブレッド
小カテゴリ,25-701-1998,ジンジャークッキー
小カテゴリ,25-701-2001,その他のイギリス料理
小カテゴリ,34-702-2002,オレンジ
小カテゴリ,18-703-2003,ジャーサラダ
小カテゴリ,40-704-2005,メイソンジャー
小カテゴリ,39-705-2006,血圧が高めの方
小カテゴリ,13-706-2007,もち麦
小カテゴリ,40-707-2008,キッチンバサミ
小カテゴリ,36-708-2060,無限ピーマン
小カテゴリ,36-708-2061,無限キャベツ
小カテゴリ,36-708-2184,無限にんじん
小カテゴリ,39-709-2063,薬膳料理
小カテゴリ,19-710-2071,ごま油
小カテゴリ,19-711-2072,オイスターソース
小カテゴリ,19-711-2073,スイートチリソース
小カテゴリ,19-711-2074,コチュジャン
小カテゴリ,19-711-2075,豆板醤
小カテゴリ,19-711-2076,甜麺醤
小カテゴリ,19-711-2077,XO醤
小カテゴリ,19-711-2078,中華スープ・鶏ガラスープの素
小カテゴリ,19-711-2079,ナンプラー
小カテゴリ,40-712-2081,スキレット
小カテゴリ,41-713-2085,よだれ鶏
小カテゴリ,42-714-2087,チーズタッカルビ
小カテゴリ,48-715-2102,芋煮
小カテゴリ,48-716-2103,五平餅
小カテゴリ,30-717-2116,フライドポテト
小カテゴリ,30-717-2117,ハッシュドポテト
小カテゴリ,30-717-2118,ジャーマンポテト
小カテゴリ,30-717-2119,マッシュポテト
小カテゴリ,30-717-2120,ベイクドポテト
小カテゴリ,30-717-2121,粉ふきいも
小カテゴリ,30-717-2122,じゃがいもガレット
小カテゴリ,30-717-2123,じゃがいも餅
小カテゴリ,31-718-2128,トンテキ
小カテゴリ,31-719-2129,肉巻き
小カテゴリ,31-720-2130,ローストポーク
小カテゴリ,33-721-2131,味付け卵
小カテゴリ,18-722-2183,キャロットラペ
小カテゴリ,23-723-2182,ミルフィーユ鍋
小カテゴリ,39-724-2180,胃に優しい・消化に良い料理